Cluster,Frame,AtomID,X,Y,Z,X_Center,Y_Center,Z_Center,R,Theta,D_958,D_1178,D_1366,D_2377,D_3796,PCAcyl_0,PCAcyl_1,PCAcyl_2,PCAcyl_3,PCAcyl_4
0,1469.46875,165962.5625,44.68293437500001,166.35843749999995,128.80466249999998,92.70906875000001,139.60831312500002,62.607678125,55.38566043724611,2.627360860839441,121.60857340805087,37.8694255946212,118.3237487715464,88.04943549695463,98.25936924007792,80.19125820228774,-52.011712624646776,13.472579441981226,14.154025869606613,10.851485455494888
1,928.4920634920635,165651.46031746033,55.30510317460317,122.66227460317457,111.09972222222217,92.83378920634922,139.33549619047625,62.61057523809522,41.299601549646006,-2.7187177270720437,90.10187328014905,49.90649894912344,91.28915998038723,55.021504287715636,93.32123498480203,33.50964321765399,-36.156255921974626,28.788390610391307,-0.9437099924777925,1.3342745115225603
2,1030.7560975609756,165566.56097560975,108.44568780487803,191.33590731707315,111.92420487804876,92.95320048780488,140.2218907317073,62.60454048780488,53.58473197649824,1.2797485025392459,98.81675679679985,41.55651572925199,103.71198106741612,105.31196752656018,60.84402249746452,53.39047694036515,-44.64740757759441,-26.97591067017362,16.142426505829476,5.201748915998531
3,883.6326530612245,165721.83673469388,134.69894897959182,156.35223265306124,8.789557142857145,92.75840244897958,139.43077183673464,62.830846122448996,45.56184196003482,0.39053619267374706,67.55753039462414,121.59691075427739,52.83069926613148,100.76219817809282,56.6242224992502,10.474346591826194,45.50764408536051,-26.46421013268113,16.57381688446603,-1.1889085129219858
4,1375.2702702702702,165993.0,95.94746756756756,99.06391621621621,117.13090000000001,92.74072972972975,139.4675881081081,62.73574000000001,40.74808369217262,-1.4961971285508635,67.9593295247944,68.52163550202826,92.0235834646091,75.99592770900168,100.8098176006337,39.68089008918075,-10.721618925171422,12.570546134764198,-20.549206759438743,0.35386229139924075
5,1699.490625,165836.375,124.50231343749999,150.1314356249999,36.60860437499999,92.66840231250004,139.37255650000003,62.769959125,33.74930374348339,0.32314571105432444,45.10936537483726,93.10927381306021,35.75157857059728,78.16387278481574,35.33509653844466,-31.86545681205353,19.56690961200237,-29.644421482608806,6.949977632885667,-2.8503675919732316
6,602.6864406779661,165834.30225988702,93.04717429378535,132.19960508474568,95.2541387005649,92.78102853107359,139.1234815819209,62.967222768361545,7.071797565013364,-1.586782302604199,54.426013138758535,41.43081132469878,65.18185160168561,56.051370115874555,61.283966029610056,-12.123558208841516,-36.70109599576399,-0.3217927411481562,-12.018503195874311,0.3838474225450181
7,926.1978021978022,165900.75274725276,70.05010494505495,143.45071538461548,82.15774065934066,92.87391857142856,139.36809912087912,62.67712076923075,23.42788763640239,2.4103713836039247,69.50373475220259,41.60374812444795,60.781754828971536,39.10901287526794,56.319572075106336,-18.95590262224341,-41.79312690974638,13.96902983433593,4.57820376587516,-2.091859169900144
8,1654.4117647058824,165893.86274509804,45.35037843137254,143.51945098039215,11.747866666666667,92.5789788235294,139.38922509803928,62.76964823529412,47.665631559494344,1.697613034016238,98.23389369630513,112.27751733890928,57.7818008369151,52.90447446652903,79.56019757378319,13.147736024917148,25.84886938802151,30.780136060365557,30.431463057776405,-3.691002653352736
9,1092.14,165974.76,117.70332399999998,181.61882200000008,133.91376000000002,92.58352960000002,139.195322,62.93487719999999,49.622865226350015,1.0351280736427768,104.92215710775066,45.73877537382942,118.95082226811617,118.17560131446955,82.68021124716617,81.67047129205129,-39.55583272109935,-22.48967763345381,7.984033935892453,9.314391854324345
10,778.9268292682926,165715.9024390244,75.90754878048779,71.72965853658539,127.48448292682929,92.69955951219512,139.77643365853663,62.59718390243902,70.30184841495884,-1.8109086770852965,96.0790678993324,93.88575538663154,114.9711577934241,87.92434244322077,131.9151554613,87.23521549767243,9.528984765893751,30.673769414525502,-12.108278870086767,0.3116581709100663
11,1376.6285714285714,165711.0,76.15846857142854,207.2006942857143,96.67282285714286,92.70680457142858,139.46696742857142,62.52373599999999,70.20670209084959,1.8123532593579301,115.71077777054337,48.322692079921886,105.82387149185685,100.23493535283448,62.621788504237756,60.539032109801155,-42.32114453606755,-16.945666047371198,30.500104040766033,4.051173510795606
12,1106.6635514018692,165943.22429906542,122.2525953271028,142.5538289719626,90.87540186915889,92.72065476635512,139.49497925233638,62.80785158878504,30.095273873174964,0.11410662254938493,46.377198328377006,54.95659462550773,67.52500605066781,79.0943881939724,53.42893019601471,-5.470365431634473,-20.879035591859513,-23.62471775792465,-13.67633700280962,-1.966807761494234
13,966.2083333333334,165757.97916666666,142.1108520833333,110.15502291666667,132.7890854166667,92.78445458333334,139.18708375,62.82747458333335,57.43664869188027,-0.5310614966059911,77.312383827652,85.13193396566459,113.37029803010542,116.0436434431809,109.29279753279381,81.00196556064971,6.2322887782347784,-9.685453750557368,-19.317663371547233,2.1235662477072315
14,1048.4901960784314,165721.42156862744,83.47821274509805,107.70507647058828,97.06874215686275,92.77446215686274,139.30583549019605,62.76477254901962,33.41770174794566,-1.865379269447855,58.625384685982546,60.75289209805404,71.38053173884711,50.93979595333153,83.80296665647263,2.761842164357207,-18.50833649124953,19.165769393521877,-16.672704174383995,-2.558334512319852
15,1235.8804664723032,165696.42565597667,97.03461195335272,122.93017055393595,39.59921865889209,92.78478635568514,139.57273341107862,62.685575160349885,17.312302232330772,-1.3260597180946343,36.23805194119561,89.29990152857454,11.332649839075527,45.073254558732266,55.05257584141908,-58.31583427825384,21.798703662721913,5.114765533830779,-5.372617306928674,7.571379065791351
16,1101.5142857142857,165807.6857142857,81.06548571428573,86.70251714285715,127.6190057142857,92.55916057142856,139.4700634285714,62.9411177142857,54.28292422497397,-1.7820233527801947,87.29943372379928,79.02462877088205,107.32116560016172,82.21005701320347,118.67178750058572,69.01348814401989,-3.978381825528288,23.935426030192357,-14.170333451804815,0.911369244678845
17,1328.8588235294117,165924.58823529413,139.14513764705887,180.7645211764705,21.51095058823529,92.65187623529413,139.18222611764705,62.67300870588236,62.47136770387546,0.7273413562724398,80.39823247729919,113.38619664930499,68.58701928632289,110.58449600755743,46.64855173314402,25.365568544008195,31.613632163040513,-37.416512078186564,27.53858569826188,-5.834496417645478
18,1318.2777777777778,165798.02777777778,32.288325,179.01325555555556,113.31815,92.61924333333333,139.85581611111115,62.66818222222222,72.43942289180201,2.567902855205838,128.7961134089828,49.82894637804487,117.26639850217504,86.69211608052086,95.79918539145147,81.68208936857128,-42.70830474167943,16.035707263123225,23.94322908743351,7.311770901621537
19,832.1086956521739,165677.54347826086,51.74694130434782,88.33465869565218,131.08966086956522,92.77061956521739,139.2233052173913,62.777747391304324,65.6050599711708,-2.2549655062583764,107.78580342326052,82.7252791123048,117.36008034412178,80.50960870088939,128.40205686315895,87.56822076763123,-5.108288446424993,36.51856728541466,-2.8657486832439134,1.1388766861984843
20,898.9722222222222,165781.73611111112,152.51977499999998,120.71306805555557,26.13366527777778,92.78931888888887,139.31444555555552,62.942478333333334,62.75524136115004,-0.3004104125509382,42.51406478710746,124.81628706874812,56.59507854285451,102.13767081777337,76.77505154286288,12.659379540290793,55.02026245107098,-22.573844289355808,-14.225680726557183,-1.9949260757676919
21,616.6,165758.1,135.920605,168.53180999999998,123.16715749999999,92.72242000000001,139.41067450000003,62.715830499999996,52.33059761974854,0.5899337284393125,87.81850180202403,57.92760003924616,108.93058141958326,116.62600557608724,77.2699547858132,66.2195977060219,-24.44726911959047,-27.90254464925843,0.6486019929209778,4.510857703205593
22,977.6685714285715,165758.56,95.39980971428577,139.0923405714286,73.41140742857144,92.92825462857144,139.69535474285715,62.57179131428572,4.936873760422751,0.15662226316150882,44.6497404938741,52.73165961468116,44.895505243035394,48.105306268908215,43.48425915362865,-39.81296830021785,-24.031287404113137,-5.778897849398701,-5.315759716999186,-3.201647766515876
23,889.25,165662.675,139.91009,148.91386000000003,26.02239,92.57624100000001,139.238402,62.871545000000026,48.67095542047585,0.2034059598164077,51.848825684258905,110.59322138672083,48.950627532742146,95.65461857755162,51.5339596139773,-3.8750762218917423,37.02180234603462,-30.662714850139377,4.850812539335271,-2.576700931917019
24,851.8947368421053,165607.47368421053,143.99969649122812,183.59362105263156,113.918,92.85079859649125,139.92943368421047,62.632011929824564,67.46361324045363,0.7033527964138354,93.36078333745586,68.593193148927,110.84708875151048,124.06266278185862,72.777076266585,72.05620036805462,-15.565733716432131,-33.85626016666324,8.889418627360447,1.8036081541906255
25,707.4888888888889,165698.84444444443,141.1193244444444,162.35026444444443,134.73283555555554,92.61365866666667,139.31674933333335,62.887038666666676,53.9429921498503,0.44286359355317273,94.05824651780982,65.2304887230646,118.58020783122548,124.32542881035255,90.43153129650116,84.97243100913576,-17.592445569378274,-24.08945652708786,-1.2724579482437643,5.512170039000884
26,313.864406779661,165877.22033898305,158.90567627118645,149.9120610169492,102.59363050847459,92.6912416949153,139.08562576271186,62.78033084745763,67.22087824424639,0.16305190705519737,67.50180654180213,82.78570986232263,98.10939026460552,118.28378791706207,77.33828210889659,53.91871921342375,4.473579072338226,-32.4067814199858,-9.615305895602523,-1.5868298369552547
27,684.9444444444445,165593.44444444444,49.36008055555556,83.76333055555557,28.755577777777773,92.7311338888889,139.28528777777782,62.76064722222222,70.73854186321537,-2.230471525477398,87.57335526473702,122.93599432262482,65.181338172181,45.83796409927605,109.96920942208249,24.695075280507215,39.13442789688824,51.50500235578238,7.749032781873187,-5.360463476343288
28,1134.3428571428572,165718.4,91.78729142857146,92.93922999999997,86.91286714285715,92.96839657142853,139.7919925714285,62.58094114285715,47.161590312003604,-1.5991299829223855,49.871668785446694,78.8479614339219,67.60012069148206,53.88701534872045,90.88386949240875,2.7905081719832956,2.1387443571308777,20.20729754770432,-23.41955491381883,-4.624327267632903
29,1584.7666666666667,165629.53333333333,49.922509999999996,198.08480666666674,7.261350000000001,92.76561799999999,139.93854933333333,62.664967999999995,72.55198198297744,2.210984645068249,126.19449751455448,118.36595984552325,87.10516720111754,93.52214186536321,76.12535784552016,61.26649187675964,26.081818801866522,5.161550578226911,49.62875717575144,-3.6713015993035554
30,1613.934086629002,165875.91713747647,118.62921016949151,148.58253427495305,33.619177212806,92.59826798493415,139.67358738229754,62.5973525047081,27.597300332255397,0.3273898428569428,45.233358142318416,93.0549074190951,29.987020056468115,73.43438273769512,35.522598223706424,-37.686605333474034,20.30751891171482,-25.70198232162404,8.108857864258658,-0.7691190268571473
31,417.31388888888887,165700.775,74.31786138888897,133.6481994444445,76.17712361111106,92.80901661111119,139.32878311111116,62.82400116666668,19.438240738924424,-2.8413192329835404,60.001649848145384,51.38131749478062,51.61951006457321,31.768708184267602,57.03234143269981,-30.99488384363339,-30.21860264111763,18.415117566244813,0.1577512287638017,-4.543500437587795
32,1871.1864406779662,165747.77966101695,53.40253728813559,148.18372203389833,132.2248305084746,92.67968305084743,139.39015152542376,62.85107355932204,40.658672940760766,2.376632512450565,110.00220697299387,34.77895794591183,112.88621745187454,81.78907172767445,99.11936846592712,69.2169936336956,-52.59300911612166,15.451052464656957,4.719068134725571,10.62331717500284
33,1115.448275862069,165723.58620689655,46.27418620689655,112.72740000000003,134.23016896551727,92.7332048275862,139.42078068965517,62.576415172413796,53.97044610582808,-2.6266162218623124,111.36074434288504,64.83215409920817,117.04148147941531,78.94901737579205,118.9736872059956,82.41800351951579,-23.75995835853421,31.78807394215011,1.3842670236394097,4.2252177615332736
34,692.6923076923077,165908.05128205128,64.43483247863247,149.82302735042737,87.58835811965814,92.60119435897445,139.00582615384616,63.06359470085469,30.398916892889368,2.776008741261682,79.25864860090813,36.27140545347831,69.73433690937937,45.77109283773769,59.479636661793194,-5.189706386986197,-48.73609934831654,12.729367983420797,8.222023991898359,0.27098946396920404
35,567.2173913043479,165740.30434782608,131.57319130434783,95.62002391304348,4.371458695652175,92.76762782608698,139.01034304347826,62.9460652173913,58.62588495363752,-0.8456286158038929,56.24787184110526,141.88483527291055,54.00606227189926,95.6775903173187,96.52581112668108,23.598647162240983,71.64692618859104,-0.8656866287533876,-8.62273962422608,2.4469611691648083
36,315.1363636363636,166078.0606060606,90.36758333333336,88.47923787878786,43.45738030303031,92.61785454545455,138.90534848484847,63.03575878787879,50.788488966306254,-1.6169378538376558,45.59729298982454,106.93790160812141,40.97170109492183,47.74430905471589,87.92198136802551,-18.065866063821534,34.24214877519022,25.16491259836011,-15.376660985573652,-1.794067863684367
37,1609.0666666666666,166067.53333333333,118.67556444444442,100.9600422222222,99.78926666666665,92.83448844444443,139.4011328888889,62.80732133333335,46.52356641509017,-0.9806950699918177,43.84506818746589,77.29951087720839,77.98255703641397,78.2294180316823,88.74085437118144,17.335383080807432,3.0334130483530917,-1.6633803334633286,-30.597846586425742,-3.4204003426078526
38,1577.8387096774193,165934.7741935484,34.301622580645166,159.3883548387097,7.935706451612902,92.67470967741936,139.58496129032264,62.580636774193536,62.15100296047123,2.809250903737637,114.9691297233424,117.87326706059838,73.98190224185431,67.5031808388545,85.9547928181487,40.45221596254827,27.79159159695287,27.94541744203032,38.823914437680315,-3.934389975577032
39,1390.7169811320755,165588.79245283018,88.94964528301887,104.11403396226413,9.567069811320755,92.5439083018868,139.48338528301886,62.90510113207546,36.050245359953685,-1.6824910895288758,61.02102280030877,123.84299629765378,33.81167667241719,59.999641239378256,85.32665351320088,-10.606876639639184,51.38807928390042,20.270527632959976,2.4644361621665105,4.529641745869835
40,1732.391304347826,165972.0652173913,103.4622847826087,206.020547826087,131.5338586956522,92.61386260869565,139.53175000000002,62.641245652173914,67.58725021005998,1.4053217284049409,123.02527349407733,50.41446553557212,127.89215435972918,125.06624800195223,85.15222179185325,99.42155989150918,-38.77353398510102,-21.19844859139672,20.84779834916803,9.83142547539558
41,922.3658536585366,165852.53658536586,31.03643658536586,163.5026073170732,97.11506341463414,92.6934380487805,139.33369317073172,62.86470390243902,66.39741464899824,2.7715574480092524,116.18722996397388,52.94228311244014,100.74460134146554,65.66653893115645,87.59556609537469,52.79002421200207,-38.96052897927776,24.514260411056085,22.004631879092116,2.156232326960149
42,1308.1836734693877,165718.2857142857,76.88824489795918,84.37452857142854,8.098442857142858,92.68795428571428,139.42108000000002,62.752482040816346,57.44545479373197,-1.84917233068534,74.98849761915112,135.11518258735632,53.68120560292313,62.88345063851568,105.42547828642869,19.06530475767982,57.97470364024187,33.849839173380175,2.9102156373553134,-0.03231395987668124
43,1640.1627906976744,165839.37209302327,45.98208604651163,195.65760930232554,127.63052558139533,92.59821813953486,139.83363023255816,62.693514883720944,72.9060964726053,2.266815700331599,136.03416847964,47.231407088332006,128.92589804644385,105.2269580682675,98.04017672333508,101.52376375370658,-45.40031585476291,4.6851720682446,25.43428962479588,10.724411210184583
44,1482.5272727272727,165827.78181818183,122.81805818181817,207.05426181818189,123.83694545454543,92.73730618181816,139.63835818181818,62.70029454545455,73.9681180256009,1.1515958612053299,117.373589353928,61.59521304737185,124.87273639849887,129.99904219908018,79.68464635870141,96.01215626393049,-27.023545142643655,-28.712136759144816,21.34530007495621,6.102473299151224
45,1402.8548387096773,165879.46774193548,123.89600645161292,178.28357903225807,10.645961290322584,92.68320580645161,139.6549761290323,62.47866129032259,49.78386859962036,0.8925428429024047,81.98310688442331,115.5845817086085,60.626904240276616,102.03865123664922,46.0412548952956,16.773451034024966,33.90406339950707,-30.384346300822628,31.304446792537593,-4.649252247320867
46,1344.4791666666667,165851.16666666666,141.21766874999997,169.35772708333334,6.684291666666666,92.61321125,139.55153041666668,62.70132291666666,57.238067120154376,0.5569036413508583,79.51552836010642,126.25818949406253,65.51797457955277,111.61750633186342,59.10356932436,30.04419132516911,46.84522775397563,-30.025562098344608,23.552899055558544,-3.063554285223427
47,1145.4901960784314,165893.85294117648,100.83410294117643,113.09037450980388,110.75436666666664,92.71064078431371,139.49926078431366,62.61244000000001,27.834665348122428,-1.2731319905862104,58.988133628788724,57.006535261659465,82.01612079192415,71.19337961569526,85.62454668993152,19.69547137071077,-20.66509817439307,4.305926752934104,-20.812694620894458,0.8261111701114233
48,295.949494949495,165564.0202020202,156.3424848484848,100.2289686868687,34.65956767676767,92.60680666666666,138.9832098989899,63.054996767676776,74.78340812824038,-0.5467506768761151,39.44048327176047,130.33821704163245,65.47771978947212,105.38413207891364,92.0767979201826,25.912630879749834,61.34969302471721,-16.841582026453583,-24.89788008005737,-3.023444546147489
49,1019.4620253164557,165714.8417721519,90.81708227848107,108.00679556962025,27.927827215189875,92.73308506329116,139.456747721519,62.789467468354424,31.665741174985047,-1.6292800625307777,46.14550187664107,106.24671688837918,21.340184965923008,47.07038286813693,73.3541134642672,-37.42506779342269,36.523079099062045,18.010950293564964,-4.660849716118031,5.476594005709952
50,1231.1020408163265,165965.81632653062,59.727630612244894,137.93377551020407,7.4359816326530614,92.56349061224488,139.274933877551,62.79409632653062,33.065914368098476,-0.7850828244916865,87.34422493322252,114.40586327135982,45.14532649414377,53.80144354856706,74.40980046800418,-1.126739280644226,32.33540563635509,24.714716224366168,26.366432893312748,-0.37787964028155413
51,913.9459459459459,165552.0,105.95438828828824,158.16670360360357,73.07846216216217,93.0401156756757,140.31847117117113,62.398556036036034,22.106186418168676,0.9376239779198994,53.219532732365934,51.70121760247451,52.64500901719138,65.80874754416301,28.111113838906164,-29.9769346456628,-27.864020898264094,-26.167317379015827,7.069945460951745,-5.143976417785286
52,1491.4411764705883,165973.5,39.18297647058824,185.41690294117646,24.790076470588236,92.41999235294118,139.35865941176473,62.91693941176471,70.79778546102943,2.429722210257053,118.6860537217723,103.22866129397657,82.19543408599058,76.68473890717367,72.94949640755823,44.5971084895589,10.97999115860582,12.955870464503697,43.7045026548979,-4.8639852730764055
53,619.258064516129,165575.53225806452,149.9771387096774,91.58335483870967,129.33049516129032,92.69674677419354,139.14093741935486,62.97149870967743,74.59500920804574,-0.6931571801068985,78.18597415192836,103.0585581584245,117.6440820235987,122.24713137987159,121.39120025592929,93.83677787013885,24.537185879130572,-5.816920551796486,-22.099938867351398,0.468699268361938
54,822.8714859437752,165763.17269076305,92.77074899598395,141.49147148594378,82.68953775100401,92.75207895582327,139.5281796787148,62.79726650602409,3.945819042490602,0.639535036298737,51.84364272309793,43.55092275492311,54.46086131500572,51.203410374089664,47.02478220402276,-28.47837109376813,-34.90637656458541,-5.137797081176312,-4.641864216411322,-1.7657005352990973
55,1024.3384615384616,165798.46153846153,137.11521538461534,91.8725615384615,113.6629123076923,92.62835661538466,139.42853353846158,62.71351384615382,65.29230275261293,-0.8189411966084571,60.973831597011866,93.8972762596838,99.46358443103406,103.24726883642577,108.16669824287578,59.71338805369673,17.84777054127263,-3.9861454760929727,-27.620852601144144,-1.4322016428550128
56,1741.605633802817,165585.42253521126,150.5271591549296,131.2607126760563,40.82912535211267,92.61279126760564,139.28588845070428,62.86930422535208,58.75023907269936,-0.1343696372181302,37.66935528027185,109.471115773138,55.2472129730587,96.84998093775576,63.380631514428295,0.21608465003820437,38.67174969288894,-28.91187773777396,-14.066217909517883,-4.408809366927734
57,1363.1153846153845,165839.15384615384,132.60959615384613,117.7669692307692,101.29450769230768,92.72519846153847,139.4555546153846,62.767951538461524,45.95168645427176,-0.49276616725594213,45.58149347919926,73.22536971399845,80.41903205396794,89.07619753434705,79.99743839601521,20.451852380030445,-1.0834761771278536,-14.916750420346567,-26.57437432674226,-2.3485549504433716
58,1567.9642857142858,165969.26785714287,128.98349821428576,196.4450821428572,5.213101785714286,92.53875928571426,139.42372214285714,62.830987857142865,67.90547855434123,1.0036816412686054,100.94918573412363,126.44217128440323,79.67736080285127,118.90402033499113,57.806865281680345,50.682689152286535,40.89321638791495,-30.867958642272406,39.32489164574047,-5.028000663960467
59,623.2446808510638,165669.00531914894,82.6747164893617,141.15223351063835,73.1276462765958,92.93544712765957,139.4997840425532,62.72743053191487,10.817406901458194,0.985972858325911,55.488295472584255,49.79995576886904,47.55206007447537,39.67393580839433,46.25276310095258,-36.669149042232746,-30.220254302356302,4.903552185501631,1.715023476074477,-3.5830991221521793
60,801.9660377358491,165841.2528301887,94.76973358490567,152.92054754716992,93.43090000000004,92.8835430188679,139.93086513207538,62.593268603773545,13.272449044522734,1.4339611373409435,63.63134416786139,30.520717126406666,67.90829946371811,63.99273938392414,48.1971994892562,-9.655203477088936,-49.55981063785397,-12.386915763708192,-0.8967698223359486,2.5818312574607334
61,449.18333333333334,165816.18333333332,48.68671,152.933905,101.01306500000001,92.38935633333335,138.77393233333333,63.43701766666666,46.31953233673922,2.826798343866729,98.78927436398207,37.48165601598371,89.19309907520231,57.09499719942608,77.30107397552075,28.494257951360392,-50.60801378635164,19.369893300578646,11.996054145562965,3.5777272473785247
62,1402.8823529411766,166136.0,45.22255000000001,190.12464999999997,98.1034411764706,92.28937352941176,139.8525994117647,62.58275235294118,69.1826638235839,2.3289303469916147,119.94943408595525,46.891455784438584,105.84898052484385,83.79145951082072,77.04298693828923,60.86232576172659,-44.81754755129965,5.001988319158466,27.39466764860928,4.884433986392063
63,1197.1089108910892,165718.33663366336,96.69715148514851,130.9156495049505,47.54917821782177,92.83765801980196,139.6873253465346,62.655291683168336,9.824929962719272,-1.1316288426546282,36.91425250101438,78.80073101976711,17.942073708635565,44.09889246184059,46.23615623780955,-58.94124922203931,8.376206563113378,-0.20056674473215746,-3.464031052039487,3.032335376246785
64,723.3703703703703,165850.62962962964,133.87037407407405,143.37853333333337,102.97616111111113,92.59379740740741,139.4305503703704,62.820833333333304,41.881302827893485,0.09157374225162375,56.444952925165346,61.039093186407634,83.37960222462905,95.06550602758635,66.2601013280525,22.440926212486765,-15.9224506030812,-25.5335894351392,-13.940042076154455,-0.5111356697257509
65,488.9375,165810.91666666666,99.76815416666663,65.86750000000002,15.085995833333335,92.97423874999997,139.21333624999997,62.729530833333335,73.82965776749622,-1.4773737307781758,68.49147764132991,143.17004383834362,63.47735063513364,80.86115132354881,115.64072777901977,36.33506250125735,68.82841040466909,24.67115216071936,-8.493542200112858,0.4815817799901831
66,1857.0961538461538,165792.34615384616,55.68821346153846,155.98111153846148,11.007925000000002,92.5819719230769,139.59759538461537,62.800386923076914,40.646970418753114,2.725784283266,95.63917117870159,108.81116472934224,53.7033005009249,59.12107761791485,68.55802018654366,7.196823029923142,23.490246306312166,18.80268441815354,33.40442016382042,-2.3485711882407463
67,1103.030303030303,165771.57575757575,92.21786666666667,117.13939090909092,88.0510212121212,92.88343575757577,139.46965454545457,62.63032757575758,22.97323745175985,-1.599725252341733,46.25301567583227,57.217536988332235,59.31570895833073,48.61824738049441,69.38711770932264,-17.7689681743978,-19.505047140325008,9.232279205404955,-18.35764403863842,-3.1236955439065244
68,876.0857142857143,165711.4,86.06174285714283,66.92674857142858,28.7222,92.89271942857144,139.49866400000002,62.570852,73.19989546145251,-1.665366733182073,67.26919346446671,132.03606728803769,62.27247473854191,66.37503920500605,113.04808714537755,26.28225795209108,55.899627125014476,32.94662056668308,-9.430564894413632,-1.9487809214209535
69,1442.3272727272727,165864.14545454545,56.220814545454544,108.57013090909092,109.4025181818182,92.6842530909091,139.39976254545456,62.747993818181804,47.94596140566839,-2.433783641171637,86.40812745848666,61.77920090828759,91.40862667166512,54.4724281457025,100.56789480659336,36.04012220894039,-23.69477795687677,33.34140210625445,-5.249410303032992,-1.2101153236378541
70,538.7307692307693,165787.34615384616,96.99051923076922,66.41229615384617,134.2555653846154,92.87856538461537,139.46194153846156,62.552924615384605,73.64641866448741,-1.5187322070632427,94.66097698180072,102.08751579181443,121.05429547905608,102.98494411386797,136.61159744784143,100.35588860575959,19.250426163272913,22.04074529168559,-15.782556291192234,1.0007183909761777
71,836.5490196078431,165716.568627451,141.94303529411766,189.26615686274505,130.77460000000002,92.71517960784311,139.44117607843137,62.86942705882352,70.40094238218803,0.7919109428389206,108.39138711909277,69.43296486120312,126.4496647329006,134.71659179724335,87.27037051975203,99.61897058716343,-16.73438919740171,-29.78859290012931,11.180501895035258,5.083758803604349
72,1078.7708333333333,165833.6875,40.50903958333333,122.70378125000002,100.76275,92.62783958333331,139.2419075,62.86533375000001,54.80804345277564,-2.8348757293521736,96.60223975191339,59.758366283822475,90.64912642677423,47.15904625764361,96.32581888304891,34.21174275609883,-29.055680064443326,39.09894099721132,5.414899072429926,-2.2600248755380936
73,1572.7826086956522,165929.52173913043,82.1487652173913,215.16633478260866,23.200760869565215,92.74567043478262,139.82035130434787,62.689082608695664,76.43326185415472,1.7076913389179658,119.05690941973171,106.41273289985338,88.5062270682547,105.61424487513165,55.40623035789996,54.80443777993505,14.42687354074037,-19.090953662541562,50.849842714151244,-5.675812011783471
74,1225.075,165808.775,125.40296750000002,197.97495499999997,109.5684975,92.67549950000003,139.66531300000003,62.6106635,67.21774708169052,1.0617469773553125,102.27510827594625,57.61340584586215,109.66351223649806,118.48284048710806,64.96625084802304,67.91588702460582,-29.011073669770575,-32.53922893285173,18.471707812059336,3.249631640812763
75,514.9347826086956,165730.04347826086,119.19120434782609,74.91652173913045,10.282710869565216,92.78689217391302,139.07442565217391,62.99343000000001,69.66407939120386,-1.182642004551985,60.9095471299243,144.95789614396847,60.55068842166519,90.84196968909454,109.49345683691456,33.455060193760666,73.26793899693816,11.666310576480221,-11.413465976624696,1.4802940685733899
76,906.8529411764706,165661.23529411765,152.5691676470588,136.65684117647058,135.56294117647056,92.67406470588237,139.15102882352943,62.94533000000001,60.164951168889196,-0.04594721575664662,86.44363026371096,80.86670635680235,119.61226140265168,126.79649427809666,102.58274799294753,90.3965386311189,0.10105536289820428,-19.782283143998292,-10.83371568323428,3.3106391741864107
77,1000.6909090909091,165728.5090909091,56.7495,89.36966909090908,84.2776690909091,92.97643200000005,139.334192,62.55500909090908,61.76660531288782,-2.1984528868688993,77.8157175648617,85.51904156417801,77.85176418492063,40.368040217001365,103.62073183676364,20.577540476136015,0.7140595891891024,45.789765891496785,-6.2511376351994485,-7.423297490295222
78,1116.7916666666667,165732.95833333334,159.92161875000002,137.30476041666665,30.81684583333333,92.52579750000001,139.1825233333333,62.92461333333333,67.72609267283916,-0.030869900605791367,51.48602575712186,121.62571243673494,64.1671714312543,109.42910690930891,70.45474237114574,21.519737662583832,48.85018650423146,-29.836714431543346,-5.870509352911214,-3.405541017265604
79,1574.3333333333333,165908.05128205128,47.516630769230765,96.14193076923078,114.45720769230765,92.79234666666667,139.3135825641026,62.732395384615394,62.70343249329723,-2.381024520991301,97.36337973362228,76.48306335488253,102.59596452112166,63.17896909633413,115.93306882660055,59.74350433756497,-10.692723326953521,39.5139676242216,-3.2030904774265547,-1.4900091801008888
80,663.4677419354839,165648.83870967742,135.86650483870966,81.28216774193547,9.38412419354839,92.62871709677417,139.14707838709674,62.99501516129031,72.32899078047892,-0.9290564829898067,58.37596410675512,147.49021166594449,64.05513978015072,100.89608244048809,107.73460316557977,38.817531091242046,76.56875817505819,2.387690100096555,-13.223281756000421,0.9588910152626907
81,1143.4222222222222,165750.6222222222,119.02698666666666,110.23908222222222,129.5934755555556,92.71677644444443,139.497404,62.63675244444443,39.601797275741276,-0.8434201751165937,72.6560358022577,69.5753109656691,103.4847759015922,97.38149276564738,101.82165003978888,59.46220453165301,-9.354490710824127,-2.070180272882587,-19.940499324668103,2.5907298518094666
82,1425.6179104477612,165784.39104477613,79.11302746268657,148.51227656716426,30.790477462686532,92.70893647761199,139.60454011940303,62.707660119403,16.288634721982707,2.5647462242657655,65.28225401153236,87.56570561322908,27.07000951395628,45.96767269625891,43.81951560800575,-41.0809787635862,9.347317726159817,5.196704463513271,21.38862622903976,0.2932543765700104
83,988.1860465116279,165750.72093023255,87.35799999999999,89.29386744186046,99.27561395348836,92.74906837209303,139.563308372093,62.71854046511628,50.69498746296289,-1.6781040198329247,61.47947644834758,78.06280577760859,80.01902543356708,60.95826239024847,99.92481565756407,22.716783660356665,-0.812346593110558,22.83706946942751,-20.850906743029135,-3.1928738107060464
84,1088.8823529411766,165921.29411764705,126.74835882352941,113.66227647058824,4.782414705882353,92.56357588235292,139.22596705882353,62.84465411764706,43.063497221401285,-0.6432760851498702,53.64571379936421,132.0223836499639,42.271673213837474,88.35609664668107,81.10172754907614,3.9069163537790494,62.23365095279951,-5.395233328424111,-2.7695225700961683,3.8928978027342946
85,1027.56,165800.48,25.514092000000005,141.36973999999998,112.243696,92.83732160000001,139.29673759999997,62.724436,67.72373347858327,1.095209934469423,118.64264774622738,60.05294212693473,110.23809786356652,68.45996698893607,105.57886332003316,69.75843791155293,-31.761918517245693,33.798651618879475,14.800170258500469,2.4170009978009905
86,611.3518518518518,165800.4814814815,150.40282222222226,138.9147796296296,100.69450555555552,92.63209259259258,139.20711888888889,62.95137851851852,57.854107699725596,-0.0057404077290538905,56.77907638159366,77.56340161109341,89.22114862141729,107.19323666901015,74.82410225611864,37.1512622714827,1.25554280038121,-28.536263762792146,-16.24840374365146,-1.885909493685718
87,900.6290322580645,165827.56451612903,155.42869516129036,119.46978225806451,116.23049516129032,92.8573803225807,139.27228935483873,62.750428709677394,65.86258293229861,-0.3066185526678053,66.46692727161502,88.9075101879852,104.23166291673134,116.7034086388315,98.02397913351872,66.37038515470093,11.926258325407389,-19.14924445290651,-20.48476256958702,-0.19704235958877347
88,525.1379310344828,165861.2068965517,38.44698620689656,97.83795862068963,17.040524137931033,92.7233620689655,139.31120137931032,62.647168965517245,68.68221005179994,-2.4951433596812187,98.44523655310184,126.94304726070146,67.30086558897095,48.58969080796924,107.98110928221209,31.169735017676512,40.71569040565194,51.51663409148799,18.037286538351886,-5.3243522019013225
89,813.2121212121212,165716.33333333334,152.78486666666663,180.64794242424244,88.32279090909091,92.66653151515152,139.21368484848483,63.08202121212122,73.35752037063942,0.6008303902415105,80.49158015631562,81.57559503013131,96.67344309464914,120.27034497022504,58.871027355128305,50.88974849091515,-1.18458377973859,-41.143838578376204,10.238145753750413,-3.945063736241454
90,1221.3333333333333,165839.2380952381,37.62070476190475,95.12097857142857,121.6509880952381,92.59266571428573,139.1673014285714,63.031185238095226,70.69923807808279,-2.470994037212415,109.95232412560703,81.823044878336,113.69737456084938,71.51337510036385,125.33900261850671,80.4647577810532,-7.547088629016057,42.205326879873574,1.3480471426943696,-0.5150670378162112
91,1212.9791666666667,165948.5,139.32827708333335,183.8847375,8.772447916666666,92.78266833333333,139.4781591666667,62.749422916666674,64.49501884055978,0.7636242355609472,89.04541560445462,124.87720918787988,73.7230927248881,116.68735729699773,56.280112364489895,40.20247776072664,42.25019637019068,-33.28876330304405,31.00093807123265,-4.8796642162913635
92,1703.85,165652.5,68.9171575,181.2856375,82.0684825,92.661369,139.48192200000005,62.69871500000003,48.24365409646585,2.0928791573777104,94.15693899819964,40.829333193874156,79.23519611060816,69.28789139009287,48.03638219931176,13.209383178230661,-47.043411044939454,-7.625111798684943,24.38158403452029,0.6710594114941534
93,86.40650406504065,165557.1056910569,71.17593495934962,124.77853658536587,84.97335040650408,92.30151804878047,138.71011203252033,63.384717398373965,25.387011701445466,-2.564905418238087,63.873970490561966,51.882488627673524,59.713677332005325,33.1105438599358,67.49054603401297,-18.90653582467216,-30.48871913631958,24.324216475537494,-3.1230844512046265,-4.311775489725015
94,900.1666666666666,165579.875,139.6188291666667,79.71583749999999,91.70793333333334,92.85863583333332,139.55038416666665,62.47193083333334,76.32801349856082,-0.9058080170183156,49.88105402114574,107.63530886269363,89.39856345219702,98.64223119375244,108.91320866527951,48.06237968379353,34.05241218007618,-1.6871891933910212,-32.59366072626354,-3.98193175367001
95,1218.8333333333333,165819.47619047618,120.98988571428569,132.3010595238095,9.368664285714281,92.64636666666667,139.47351142857144,62.723813809523826,29.821138366956443,-0.22986802534310882,53.507570765573575,119.5132723156208,33.07536526106256,82.39722133430867,63.36182992221804,-13.752387838848149,49.15277506926904,-11.93132187064183,5.280350465196859,4.787294175009328
96,1855.0,165922.16,61.695524,202.083464,130.99514800000003,92.5684848,139.83101999999997,62.8401272,69.6037804482211,2.030528463455475,133.9233062439792,43.726553206281444,129.81871178806898,111.42364105475295,93.4361167849374,101.80811677043434,-48.13971059937743,-3.593766618130162,24.81828391086658,11.51667090483328
97,1612.4864864864865,165924.7027027027,41.793200000000006,173.25917297297295,12.921443243243242,92.6394405405405,139.61593675675675,62.751720540540546,61.05807508626893,2.555329580285977,113.12038930501434,111.0791607152786,73.47822972332509,71.64181345993129,75.41657478780215,36.094723376313716,20.91976465010246,17.619252278116637,41.07498707560669,-4.261445259838708
98,444.55102040816325,165718.08163265305,162.25083265306125,134.90927551020405,94.68844693877551,92.59693591836736,139.0785093877551,62.93488448979591,70.09256344587214,-0.06278540585571626,56.97293088005664,91.8617307076666,92.37822726883576,115.0114961292026,81.34310665671497,46.97493125734754,15.989327426544303,-29.58486557206144,-17.433581697094734,-3.291770503395408
99,420.1707317073171,165831.9756097561,76.5954097560976,72.72742926829272,93.78589512195123,92.6267112195122,139.33590390243904,62.96266878048781,68.84851016929771,-1.8068345202561418,73.59611683410512,95.23108838964396,86.27756157013195,62.58758185925225,114.33048695495378,40.18347018539883,14.100618210641267,34.50926830654471,-15.713225014831773,-4.0831364024187184
100,1060.4820846905538,165755.82084690552,88.94543420195434,130.84782508143326,39.997646905537444,92.86355908794786,139.72554201954398,62.662055700325716,10.006265435900977,-1.9701158773843286,45.325304841316154,84.44775767565822,13.53355852300902,39.27844907238329,49.96682319965756,-58.56316585735652,13.305421175317381,8.584703801044018,3.690776406957784,5.5645115263411045
101,711.8387096774194,165671.48387096773,69.6391548387097,97.08428709677418,92.27810967741934,92.99832838709678,139.39094,62.68499677419356,48.650004625125625,-2.0772181640965095,68.44258097409364,72.83639816660616,74.52495125629001,44.202947791854214,94.79409046652513,11.478189466274879,-9.25978702502363,34.25081488638736,-11.786015639547857,-4.907177174828979
102,1212.7058823529412,165840.29411764705,86.74571764705881,211.29085882352942,3.0568470588235295,92.81709882352939,139.80200000000002,62.53424705882353,71.96550394589195,1.6534381020492823,120.83793287932089,122.44219008182787,88.11973542852002,111.36288256311374,64.41567759034558,63.23429380592239,31.6110537155686,-16.400514684359408,50.73938641519358,-4.741622944880924
103,549.8611111111111,165794.13888888888,148.71852222222228,164.91300277777776,100.20584166666663,92.87125277777778,139.21340944444444,62.81227888888889,61.579568841864734,0.43251653723074973,72.40250619587036,71.61803243290329,94.86449133089948,113.67621138215236,64.76490746336516,45.168077632569016,-8.654185862680226,-35.664973316230444,-0.7301348632673356,-1.2570755548443737
104,818.1818181818181,165957.45454545456,69.63195454545458,101.1461181818182,125.65182424242421,92.58091272727273,139.1814224242424,62.89510848484851,44.643616764149755,-2.1112619625416627,89.05307513576243,65.85825662928707,102.60679307844558,72.69565885632504,109.87156561593262,57.26306125212104,-18.286616593495243,25.62277481596623,-9.671617375600182,1.7703760995403675
105,419.0,165861.2380952381,87.16212857142857,61.826976190476195,119.40360476190476,92.8360942857143,139.52497333333335,62.4708,78.1154434810124,-1.643760580987279,89.35641600590247,103.88134655768248,111.69531580730622,90.65685336130328,133.42447143854787,85.1760919873741,21.329368525148226,28.5283555169066,-16.065546354458007,-1.0410685059756681
106,757.8,165955.52,118.66257999999996,154.50343599999997,83.41038400000001,92.55134879999997,139.5124744,62.70757440000001,30.31687308698484,0.5091270549217889,51.33539980874743,53.64729596182431,63.571510089310316,77.94638261201997,39.863178266843505,-12.663690523823528,-24.410903159625875,-29.266454619096184,-2.3643948032539672,-3.7746937955685884
107,521.5074626865671,165799.05970149254,164.9319492537314,130.83960597014922,109.84097910447764,92.69238865671642,139.36270268656713,62.67972119402984,72.86432246659687,-0.11753404553055462,67.76561108393541,93.06104242356308,104.79472759215761,122.91541431850357,93.89982783923486,68.66985158220376,15.784837883840003,-25.598220041705616,-16.950425022114167,-0.969104444612794
108,886.6071428571429,165881.89285714287,130.18434285714287,164.53537857142857,95.25870357142857,92.821495,139.59132999999997,62.60737999999999,45.24672411116651,0.5774699484188093,65.51577788694188,55.79944991778648,82.08915804598546,96.46964063812517,50.94081126852433,18.710227098560946,-24.203984656828563,-33.39864154227799,0.30712920034692776,-1.352776322417172
109,2025.75,165872.0,87.782905,157.30773750000006,134.75184,92.83318249999999,139.8090835,62.63594000000002,18.742350269682216,1.8732823922862951,98.45248399485061,21.954968452887055,108.94097494079772,92.92220619001209,86.65822883595965,60.60875285094162,-61.404233704880745,-4.32873944699579,-1.1274106619709983,14.55796572072806
110,1450.081081081081,165847.72972972973,45.78139189189189,168.29384054054054,89.94622702702702,92.51078918918921,139.55860270270273,62.92015783783784,55.15758370903671,2.58406049950201,104.16530075193613,43.64549346191308,88.38986452080886,60.54628216312678,70.94884173135324,29.44985571901618,-46.10419058625104,15.050085391958984,20.779989714056054,1.9085642932082652
111,1325.7058823529412,165719.5588235294,161.5173117647059,118.3126470588235,132.2289411764706,92.68674235294118,139.18662529411762,62.84918647058823,72.19802858789743,-0.2946253832986026,83.2797717576536,96.03555017174779,120.9037648398119,130.3194051665917,112.45713194096956,97.21925342528066,16.4320411555436,-16.411365589390506,-15.770680813642183,1.6678001811307734
112,575.9354838709677,165703.29032258064,109.45571612903227,68.03512258064518,115.75938387096774,92.912644516129,139.32253161290322,62.76651548387097,73.5738849209957,-1.3421138246480684,75.62626185965121,101.68648380556427,105.02631258564817,94.94523882102844,124.45144570822825,73.18241026755857,22.497642025048194,16.298005099107016,-22.54010300053054,-1.072384427240531
113,894.6829268292682,165693.21951219512,40.444251219512196,92.85168536585367,84.28366585365855,93.07236926829265,139.71673707317075,62.48921512195122,70.6991152901544,-2.4125806497904616,92.59991049003646,87.89757823673558,86.19075908848312,41.69398715561106,110.64750849736119,35.83975563260109,-0.17324970896413794,52.87670412482361,1.5342648735762012,-6.837939774368075
114,1359.7916666666667,165936.5,111.66955833333331,137.4359541666667,134.14877916666669,92.38611333333334,139.63631666666666,62.54065833333334,19.877423649692627,-0.07123803102861226,82.93906107653773,46.86770498214841,105.83197865195764,97.3125152232093,90.8622270601934,58.34844435272313,-34.100598203961866,-7.438259339351679,-10.841378629848833,7.257471853658827
115,811.5370370370371,165674.64814814815,49.38820925925924,112.24267407407412,91.32032962962961,92.70436481481482,139.34946592592598,62.67794074074074,51.28027731627932,-2.5783072116472443,84.17442630258377,65.69668236681026,79.27625120132743,36.16218346886492,92.87544499064934,15.715220844108764,-21.39051797921825,42.845116766452705,0.4477605655201419,-5.768611007385641
116,730.6764705882352,165571.58823529413,142.04430588235292,91.73475588235294,20.06247941176471,92.5830070588235,139.5089841176471,62.726443529411775,68.88625165816772,-0.7666695761065966,45.988011240987674,136.74641218131245,58.83141379950773,98.09949875751211,96.95707694342128,23.513949747573715,67.62478208265827,-5.891288309087623,-19.22077955217245,-0.24447711543515574
117,1151.7820512820513,165769.1923076923,126.77893589743591,122.53808974358974,87.55564358974357,92.66467205128205,139.45094025641032,63.038905384615404,38.35884111778296,-0.45682196928124785,32.96775897565278,70.0267672088938,65.05733833356557,77.71266910587968,66.41013249664486,-6.1153878823273935,-2.4313351795913367,-17.43821371152664,-27.79178463207293,-4.242969369217037
118,546.3333333333334,165727.33333333334,27.052770370370368,131.04618888888885,98.04870000000001,92.65942444444444,139.07013555555557,62.87348222222223,66.17899573507563,-3.0196989925347473,109.36153276922325,65.81743916725537,97.40838191122931,51.81847549480634,100.09436763456459,48.0535219049072,-25.806163346656856,41.54259852443302,13.955867570610803,-2.4546625397038953
119,1831.1470588235295,165872.0,37.60862794117646,135.011625,16.121763235294114,92.59718529411768,139.43187882352944,62.7375761764706,55.247506591944166,-2.601155193794921,99.96592095297012,112.64625536787518,61.856969032977716,47.53576261029568,86.95460422733292,17.296925581414442,25.02666700113705,39.52188585607894,27.890898663723615,-5.265407639190048
120,784.1666666666666,165903.47222222222,133.55964444444442,104.21163333333331,12.908058333333337,92.72350555555556,139.34571111111114,62.774275,54.082557112916795,-0.7094182382725758,46.233049614766394,131.77162848679126,47.19069698505197,91.26152670387151,85.92439731333272,7.588577628873504,63.11115757628464,-7.044542720145697,-12.285381749375661,2.0734237602536427
121,1307.1290322580646,165797.40322580645,68.50199677419354,155.67578870967742,74.5112580645161,92.77722387096777,139.24859161290325,62.699610000000014,29.435919505997997,2.5551470698508196,74.90200753538964,44.81686630669004,59.706114146372435,44.11932985265769,47.441866918560926,-18.80672929924219,-40.03319036279556,6.777643808479862,14.014748741843603,-2.901403515409826
122,1008.7222222222222,165560.38888888888,45.91461666666667,99.18627777777778,2.903755555555555,92.88045999999999,139.67335111111112,62.23673444444445,62.185729149220116,-2.4355532780595133,98.23037761252343,135.3386416247492,64.98031899654518,58.35258966711726,108.63492536273206,35.07977210920327,51.11509357527466,45.20211424911809,19.025523673449918,-2.609020663699934
123,920.1724137931035,165936.8620689655,158.09320689655172,167.92340344827585,126.46489310344833,92.82266896551724,139.16880689655173,62.90093103448276,71.4037778661119,0.41574855426073437,95.4293551928814,78.89217766256988,120.83179195900189,133.79331700374442,90.58318906086218,92.58929446459247,-4.210947726221274,-29.800368413365327,1.6284752652391803,3.2440871093506525
124,1255.6747572815534,165737.21844660194,85.40872208737855,136.11571310679608,37.15410703883495,92.77248597087377,139.7585627669902,62.538639611650446,8.382264240316037,-2.4882582694340862,51.28802081210305,84.76346559992072,15.861186076182191,39.648185861392314,47.20735724354264,-55.670589980650504,11.576883737776924,8.283115796171014,9.676366339100213,4.31960916543656
125,839.3157894736842,165685.15789473685,161.6400736842105,148.8800842105263,4.947652631578949,92.79627368421055,139.04187473684206,62.902530526315786,70.04274560846176,0.13691697999542907,74.59464289442516,139.5016988330307,73.57139167997605,122.75169556398515,78.51391982441395,48.12021037940583,63.03316847046856,-27.732188293357535,10.526622599299623,-1.8553632619924922
126,627.1764705882352,165612.0588235294,139.42059215686274,88.64159411764706,134.332568627451,92.72685215686273,138.98521843137254,62.99015843137256,68.75802283821298,-0.8230077726312715,80.99383230519673,98.91973318237444,118.50385609785828,118.13575821043499,123.0434075639258,93.9972414553624,19.626034569283494,-1.3152904667682663,-21.340033953252664,1.1003991383023044
127,1486.0307692307692,165727.03076923077,74.90410769230766,157.96037230769227,85.12151384615383,92.68761907692307,139.45554523076925,62.718108615384594,25.964286607901073,2.346692289291678,74.73401393640263,33.39580072485649,66.31510609039336,52.557531409164895,48.394385192678016,-11.206343799448527,-50.38244569026108,-0.24456294161686837,9.62625182275638,0.6784056320525678
128,696.5102040816327,165895.0,80.05278775510203,69.09763265306124,5.9280591836734695,92.90848040816326,139.45617224489797,62.638870612244894,71.76363497616198,-1.7516241858077877,81.63053206583412,146.30263745892876,65.88261825037672,75.05546682345589,118.98238444100255,42.21424561896207,68.4872153529615,34.82738444123218,1.2509354938248984,-0.08475748736541623
129,626.6296296296297,165843.7037037037,98.87791666666665,83.73896666666667,9.023112962962962,92.8226088888889,139.08923888888887,62.88439481481483,55.876417295888665,-1.4650869251233598,62.787037567711,136.40511243876497,48.61105901343494,73.46668876557449,101.38457211396506,14.098057957439355,63.802343133803184,20.381392975733053,-4.677746351690915,2.6075064560776733
130,733.7142857142857,165760.64285714287,105.09258571428572,81.18014523809525,27.05884285714286,92.61864380952379,139.4912142857143,62.736536190476194,59.713768224018224,-1.35920983075736,48.42945239400421,125.47364699250309,47.39826949795274,69.29623540423745,97.74423427928232,3.106454051087834,54.85210074967315,16.600560142767392,-16.465373519969766,0.7133729645676906
131,670.3870967741935,165670.67741935485,30.36782580645161,106.10159999999998,100.44532580645162,92.8399380645161,139.23563548387096,62.81092129032259,70.87889128089412,-2.655275945012276,105.28554036069316,78.66198570208141,99.17971476595937,52.25405424817219,112.69912292335935,54.39932119321817,-11.686869224397688,48.392910296408985,6.530723789484226,-3.9107284587717746
132,579.2820512820513,165798.7435897436,24.483430769230768,108.28058717948718,129.16816666666668,92.45061333333331,139.07044205128207,63.16971692307694,74.8730645072252,-2.7161573792349576,124.66054992273904,79.33555628133738,123.82803174171887,79.14167702088757,129.65038564181654,98.17605762986207,-12.581059343628427,42.464158299281394,8.834120059193104,2.090590152887643
133,1005.1428571428571,165617.38775510204,54.69741224489795,80.66858163265304,9.456287755102041,92.86441428571428,139.51845632653058,62.458806122448976,70.44779041843339,-2.148261616331854,92.06489289845857,138.1638830782787,67.26616816977311,60.585769118891605,115.8622640450359,38.54762240394965,55.697114487001336,46.15960387594731,10.39500529008804,-2.7442135337120157
134,865.8604651162791,166014.0,135.16859069767446,150.25762558139536,85.87303720930237,92.76570604651164,139.4457009302326,62.869423255813956,43.86080672589772,0.24465043783205892,49.61109817431426,65.32106398096073,71.36447890350827,90.78027982729884,51.35781416032575,3.699464459690172,-11.186662318296761,-32.11577813692816,-9.150444899089207,-3.658488675912121
135,726.8490566037735,165773.9245283019,93.61896352201259,133.62618301886786,58.52164088050314,92.73761194968549,139.40359685534594,62.7338483018868,6.371107365987264,-1.237848765698389,39.96026099240947,67.62399047325545,29.401658334158363,41.49671860964503,43.762501734717766,-53.476939327703114,-6.575911370567414,-0.1538403085588867,-3.5787309331776034,-1.964683672577817
136,1336.8484848484848,165751.78787878787,155.84265757575756,179.69711515151516,12.709124242424243,92.83743575757576,139.5230381818182,62.55555696969699,74.9080192491492,0.5666468464312012,87.74632655774435,129.60606785326658,80.39203774194962,125.55802167652132,64.48380929711402,52.13793981508877,48.06240743866121,-35.447706008108405,25.2271192694551,-4.3516253441534
137,997.9108280254777,165786.05095541402,85.17992484076431,145.40486815286621,81.43190254777069,92.66290229299365,139.4714802547771,62.83048484076435,10.237164597349814,2.149790082768108,58.37894603561867,40.819415988808736,55.42975977776619,47.429773287604974,46.05034084178261,-27.632454461426,-39.554432132432595,-1.286076557903351,0.7566448761276727,-1.7832714702111563
138,519.3243243243244,165835.2162162162,160.94039459459464,173.90570270270268,115.18168648648648,92.7297318918919,139.06634540540537,62.92567675675675,76.85388983716447,0.47271437915529163,92.00839229150411,82.4882040541096,116.3226813773915,133.42624861567555,83.45786221103326,85.28176750953538,-0.5594857734537133,-34.18960101077019,3.8142855821256565,0.9868234982657444
139,712.1836734693877,165843.55102040817,154.7985836734694,141.59006938775508,117.00518775510209,92.69838122448978,139.2353918367347,62.811517959183675,62.361932176778566,0.03605985237569453,72.79810641481089,79.53069699846027,105.22427941749642,119.07177876276012,87.58853914389978,65.27348667564061,0.757713463218886,-26.059419617452473,-12.180571580034517,0.7257999157645975
140,1242.0731707317073,165794.56097560975,127.74055853658541,128.75326341463415,121.43817317073169,92.77895170731705,139.48796780487808,62.756752682926816,37.25952895283564,-0.30841530085719676,66.62438472574702,61.49036776639222,96.15613647608775,97.97233898925057,85.9114884989854,44.867252074857156,-16.480709939813558,-13.856813064362813,-17.447046141288226,2.618253171341527
141,1310.9559748427673,165645.80188679244,102.77340094339627,125.55549748427667,37.48747484276732,92.82947006289312,139.91027176100627,62.683760440251625,17.55542241470307,-0.9635223814041478,33.534580504641134,91.52049728767616,10.080622036131702,51.092876157025756,53.24673193476682,-58.03773154842545,25.444197892454845,-1.0256803322124908,-6.3957189393716805,8.660191108026007
142,429.1864406779661,165802.13559322033,111.18457796610171,155.59257627118643,96.46381016949155,92.64935050847455,139.19791694915256,63.03831559322034,24.987152657470837,0.7121919161473534,61.35924910510436,40.19440709723009,73.37142649041887,78.5301469872045,48.02209894337206,0.4619659912756467,-39.240668531346095,-23.574873981719193,-2.4161866183003795,0.6753994577268855
143,848.6274509803922,165678.78431372548,138.44663529411764,141.33376470588234,124.71790784313724,92.67784705882355,139.58303647058827,62.675818823529426,45.98483953147884,0.04086144722135742,74.78841529065383,64.80197547035588,104.10061259475088,110.10210063801092,86.21963560419157,59.34442197358077,-14.540301589261007,-20.629695108592944,-12.111949870647976,3.1379622230423605
144,1035.0197368421052,165744.95394736843,93.86193749999995,132.85506118421054,76.98417368421056,92.82789605263159,139.6493273684211,62.66095249999998,7.6466657086428365,-1.3922714910369944,43.91451643096596,53.084676202250286,47.389664452912086,45.86806232963543,50.586611119794874,-36.36528331071254,-23.45498894511725,-0.20297873161658883,-9.677032067584056,-3.134962172987469
145,1118.2139917695474,165655.83950617284,97.38610658436215,114.86147613168717,32.145672427983556,92.76619580246917,139.70677810699576,62.64547967078188,25.374754729096455,-1.3855159191007884,38.15983231886091,99.83507827986016,13.974463173012987,48.51984726532202,64.95167911843544,-48.991287383805215,32.80629232278309,9.55874902752096,-7.25173884974753,7.944666763923055
146,1381.7066666666667,165960.89333333334,106.64692633333335,141.77994466666672,37.363303333333306,92.7443723333333,139.43777779999996,62.5925676,14.159323401534218,0.16710127252529852,41.29694588175778,86.92978082114838,18.446540931657044,59.31902531349385,36.82427219586785,-53.26628620523803,16.208636264256143,-15.38727587105013,5.568688198787118,3.072745101972369
147,664.925925925926,165995.03703703705,26.613970370370378,109.8172666666667,4.378825925925925,92.95684074074072,139.8082725925926,62.636968148148156,73.24574205639345,-2.716279391398522,113.83503546974688,135.45596299063513,78.05391572327788,60.84885656766061,114.53905759263941,53.61729497500931,46.67287200904435,50.61331645132595,26.797204032010093,-4.182220279622907
148,1377.1785714285713,165813.0357142857,106.75008928571428,211.52790714285717,111.24046071428573,92.681415,139.1978757142857,62.82014285714285,73.98786349004011,1.381148574904096,116.08768490688222,54.574613438749246,116.95690503777438,120.05214742435895,69.76466665546862,80.78286250482913,-34.698200311355876,-27.59403813509491,25.64251691095676,5.4688087297391474
149,594.7884615384615,165652.40384615384,155.5044173076923,100.58764038461537,15.87403461538461,92.65699153846154,139.2951257692308,62.845775,74.07246077497187,-0.5520354279007876,52.31679951195174,142.1229534778301,66.42042547884894,109.89175806507775,97.23698057985133,37.03023477147503,71.7223499682559,-12.76106376300864,-14.90162539728759,-0.8450188360578649
150,661.9090909090909,165600.86363636365,74.02971363636364,111.25173409090911,87.87986590909091,92.75435636363636,139.0187518181818,62.992570909090915,33.594389320471336,-2.1692320663020563,60.86319862261916,61.01056125422845,63.86571033107939,36.98656582582185,78.75158482828597,-9.893968573197101,-20.14273851658805,27.698672501656684,-10.297215521763272,-4.894512662062002
151,897.0,165648.914893617,85.6544170212766,120.14230638297872,104.1342,93.01353829787234,139.39219404255317,62.5360634042553,21.1819099269301,-1.9402991225526551,62.56709017765806,46.8802523534976,75.21480404809404,56.6450987764537,78.10638659064,5.806554791886504,-32.65051256235807,11.378592717455044,-14.23961478673934,0.8853351863819349
152,1471.3968253968253,166008.09523809524,110.30562698412695,93.2865142857143,83.54814603174604,92.78543333333339,139.43598857142862,62.75908761904762,49.66608884997847,-1.2047035171545677,35.183059283503695,84.92195062690328,65.5039499037377,65.91265268117489,87.6750498235982,0.20456065200230547,12.191308662630421,5.700383024150236,-33.06950508070675,-5.425402668367146
153,860.516129032258,165813.87096774194,88.47848387096774,81.05595161290324,33.0111935483871,92.59193999999998,139.699129032258,62.52507290322581,59.043626420146396,-1.6413164936646614,54.7587949289638,119.14586216622772,48.00871476236964,55.34887275366063,98.07258393980041,-0.7996365048213241,45.283027506848526,28.585670029649894,-11.986716092225011,-1.4278608027637627
154,1305.5185185185185,165724.22222222222,76.49704999999996,113.29003333333333,116.03827407407407,92.70128814814814,139.42182333333335,62.734011481481474,31.200178421645408,-2.1286985577144,76.47957225798551,52.339392275489594,89.38737771752857,63.480983758949826,93.39417207409848,30.962287219386354,-29.69285605545785,18.904861889811524,-11.915653542723062,1.9162521208612622
155,186.47727272727272,165983.81818181818,120.23362727272728,158.41950909090903,106.86977954545455,92.35207681818184,138.84879409090908,63.26985090909093,34.41215580074265,0.6074634460016487,68.73928007485485,43.79567915019621,85.89094447373749,91.97647498859627,58.26754073284689,22.60798820729316,-36.1351379766504,-25.89983017737777,-3.4373314262122623,2.521038691752054
156,1612.5384615384614,165927.5,108.52641538461536,213.21881923076927,25.502619230769234,92.58460461538462,139.57175846153842,62.76518923076924,75.40035257084222,1.3577596834650714,108.51124272639943,107.48071934249046,85.68512436348023,112.91053140807006,46.990716715485846,48.50832359702687,17.634737142852916,-32.278755828919984,46.60817207556963,-7.265035116347797
157,908.0416666666666,165850.91666666666,143.29943333333333,126.74016041666664,7.714185416666669,92.7171708333333,139.41921666666664,63.01862916666664,52.433284746451655,-0.24452048343353447,54.66905969813009,132.62721044658252,52.04012858094566,101.06631284478533,76.97784419409385,14.808151613657477,61.489901810907014,-17.472644583379346,-1.9653514156530798,0.8121291607513673
158,1838.8823529411766,165767.88235294117,67.36110196078432,203.24977058823526,10.268574509803923,92.59240470588234,139.77471254901963,62.719563137254916,68.44356582022303,1.9508393395513126,119.79720331473904,113.60222551412983,82.86614279047046,96.79563154446973,64.03176361700852,51.73836472990482,22.34491266328739,-6.38253481387412,49.93842817845127,-4.33998969628364
159,1954.5,165530.0,112.8558645669291,128.5410015748032,77.21552401574806,92.70615173228347,139.608997559055,62.75864149606299,23.00982979738645,-0.5032250588353835,29.523017591506452,63.072927710965324,49.628323646317135,61.19133182196786,53.3628663377312,-31.519629289851352,-9.409698651644163,-13.48068209265712,-22.160457754121516,-4.3671623468992795
160,1297.3684210526317,165738.15789473685,107.17077894736843,69.96786315789473,92.69628421052631,92.84931263157894,140.07854736842103,62.592916842105275,71.85255552648601,-1.3691491069705186,58.201445711584924,101.81392099323772,87.00869499774296,79.81941277201787,113.8798039408805,42.82118033347222,25.44904953692452,17.412174889226318,-27.956399951209907,-3.8531196728162334
161,895.3333333333334,165862.2888888889,160.2944288888889,111.68356666666669,101.70382666666664,92.83083022222223,139.42304000000001,62.6438711111111,73.3019928072516,-0.38846122753832474,56.43159784958489,98.25742720687425,97.03181942265181,114.60622448392515,97.18403796102488,57.104657743453764,23.372156796369538,-19.836463345845146,-25.249035605509313,-2.4414465402380365
162,1503.625,166136.0,20.192928125000005,147.97517812499999,22.970184375,93.10140687499998,139.41159312500002,62.54821625,73.62510938788418,3.024674287825083,116.88762024203866,113.10446684220834,80.18047127095241,57.273189754790536,95.30465983295231,44.23879710024829,21.06273946735316,41.07637951506157,34.37223160034162,-6.184224954910958
163,519.65625,165680.4375,134.875996875,75.550409375,118.95163437500001,92.51971874999998,139.29687875000002,62.749160625,76.6363045723553,-0.9839768274687289,72.11599134166649,105.97102949574762,109.66740964227141,109.42005964597395,123.10105302043974,81.26688038778201,28.152621384689894,3.735517558988142,-25.43426992482832,-1.2550508749152678
164,1202.0,165866.92857142858,112.54787142857143,154.98244285714284,6.367585714285715,92.06880285714286,139.64594428571428,62.87427714285714,25.72160925848734,0.6387573647136807,67.35401860742189,116.0033188694059,39.53727527189209,85.14013118360386,52.21795340612797,-7.91280625236436,40.47840445736204,-17.202558612687483,20.43913511563191,1.533127187894095
165,1067.5652173913043,165845.21739130435,121.90881739130432,157.9550608695652,132.75789565217391,92.2635652173913,139.72867826086957,62.69536347826089,35.08064932952099,0.5450465194349264,89.14212865679629,47.08250690811632,110.09286856149221,108.44114212817703,84.05621260247698,65.78772046530082,-35.12121560410779,-18.263133585742775,-3.5468573213422037,7.531528700601479
166,921.2,165805.04615384617,143.53806923076925,125.77527846153849,112.48423999999997,92.71057230769229,139.2955738461539,62.73841076923077,52.85723989069071,-0.2604213130725884,59.62851426537404,75.75625468614895,94.59287863382325,104.90634960197596,86.18264903801065,45.57596967634381,-0.6927518168850114,-19.71421476068148,-20.658984059530415,-0.32588290731350555
167,2002.8181818181818,165586.84848484848,74.30433636363637,164.4224666666666,99.58653636363638,92.72359818181818,139.82740969696968,62.734287272727286,30.842804517011444,2.2106354311985164,85.70644056590706,18.159908051372277,80.99418517328122,64.89330171967727,58.08678350498989,11.439619935264885,-65.7386719899009,-2.6098287791984505,7.822343213910613,8.202621220835548
168,1140.6923076923076,165647.07692307694,160.83991538461538,120.14205,5.652315384615384,92.87179307692307,139.33774846153847,62.799563846153845,70.81511339862418,-0.27477791429286585,63.80114487899788,144.52501742775124,69.06733110306129,117.23094406470082,91.19825512948499,44.30088665993263,71.77026288356693,-18.566303613005815,-2.733607820608607,-0.23680068308312588
169,1472.6774193548388,166077.5483870968,147.3034967741935,98.04076774193547,98.58262580645162,92.38951483870966,139.35491677419355,63.07652967741935,68.79567238260749,-0.6450660889851894,48.543918959256715,97.10318244399313,89.84526212980194,102.98034707538385,98.96938604819967,44.56738680061122,23.60915105849477,-12.003075467660365,-31.121634628333826,-3.115348889464932
170,1598.4489795918366,165885.5306122449,70.37817959183673,92.75403469387754,77.04648571428572,92.64438775510207,139.68209836734692,62.628072244897986,52.191332087168725,-2.0120652291324035,60.55660107766406,83.62991770610111,64.76757743620905,36.75452477134506,93.35905450916215,-1.2093498685926956,2.742793682608126,38.07373391360677,-13.49456308883073,-7.884420571055541
171,1720.25,165872.0,62.855142857142845,165.6082464285714,28.886403571428577,92.88739428571431,139.61316428571428,62.433191428571426,40.01614422043218,2.41856719422928,88.04068929622088,89.002155987181,51.30323198242163,55.20364840445786,50.30946645604846,-8.911231588110857,3.1870957076977047,7.511882725473009,32.922057553449314,-4.55034858326207
172,1348.3793103448277,165896.44827586206,140.75127241379306,192.5664068965517,98.0072206896552,92.62974137931032,139.70404068965516,62.603357241379314,71.89675313723906,0.8323938815284223,92.98710651212456,70.32064385235012,103.25797906822328,120.6277014250507,60.67868354399296,60.198741594713596,-14.684883097646843,-38.01407622326055,16.361919827322705,-0.2910128526525163
173,1581.2692307692307,166136.0,163.18229230769234,163.34312692307697,87.13023846153848,92.74919307692309,139.2051723076923,62.65917230769231,74.58972244799621,0.32870794648711077,72.94644757482476,87.59133265849351,94.50758377117134,120.65560223229373,68.34943400307088,51.30375165301663,7.862620457356906,-37.431524009588024,0.7725443078054914,-2.397325412318004
174,1438.2142857142858,165819.10714285713,63.3661,88.0349142857143,111.38076785714284,92.65672714285714,139.38435,62.939934285714294,59.36975956090395,-2.088655854348205,85.26748686142416,79.13718116508919,96.38548807985971,63.07887627037925,113.10513623242655,49.7828280587715,-5.250020900518602,35.016719736240084,-10.270749545165476,-2.4476520087343614
175,1376.2916666666667,165910.54166666666,131.4354541666667,199.3750229166667,133.78803333333337,92.64480333333336,139.46356666666668,62.84180791666666,71.4975919489098,0.996348817910882,117.05406274988923,65.16609054536879,130.29477448903407,135.26929464184704,88.47339540737148,106.02060176799466,-22.640936088079258,-27.574424911221058,16.250450322194357,6.903288682055787
176,578.4285714285714,165839.2,154.80659428571428,100.87868857142857,117.7340314285714,92.60198342857143,138.981492,63.059330857142854,73.03383465550012,-0.5499096963823483,67.43216459502196,98.93003274988875,107.97498353621165,118.16141228119751,109.91961675621543,75.94474005194071,22.2561560737292,-12.381619911562334,-24.318093876071817,-0.593059908815762
177,849.2459016393443,165748.80327868852,95.08953770491802,127.7197786885246,85.55507950819671,92.84763114754101,139.48698180327858,62.639037704918024,12.310333462727947,-1.3828293575707773,45.36900123422357,51.15593402426702,55.58215019819648,50.27599094737606,58.74823708593419,-24.977260740510648,-25.40904293325224,1.1756122202698165,-14.47236963825907,-2.364762360173768
178,587.3766233766233,165865.4025974026,98.42478571428575,91.3870207792208,34.58755064935065,92.71374441558443,139.34847714285715,62.74479012987015,48.4210891942312,-1.4505735654943022,41.923439140469654,111.98050425094077,36.177422174762654,55.80105597610104,85.9125738320335,-19.397050454092426,42.00949129966063,17.453261630762675,-16.097184198589,1.1667879864261212
179,1345.8108108108108,165766.5,126.41787162162163,124.75272297297296,110.26084594594595,92.84264405405406,139.4638789189189,62.65608108108105,36.95980240265113,-0.41310745661420506,54.68854493680131,62.66364897997401,85.30046568348037,89.25557608917349,79.22683645621896,26.13651376180872,-13.487228657528298,-13.98447051648679,-21.542891177533445,0.218410240084695
180,1351.3090909090909,165882.56363636363,104.50312363636365,96.87322545454548,99.81643272727271,92.85829781818182,139.6923072727273,62.6521629090909,44.615762471901014,-1.3062169819612424,49.69864238923051,74.60254127872672,77.08619985693842,69.1675903954983,92.00864128607452,16.111959788304745,-1.1890021318700355,8.557639760638397,-27.29746597102035,-2.7501279386118243
181,366.25,165788.3,62.66089000000001,77.6268275,101.63301500000001,92.6580985,139.0811475,63.044592,68.4810573156163,-2.023313823773924,85.20938081869744,90.01469706412851,93.02297780165816,60.83115863382886,116.83723621014606,49.08405139201234,5.820495832498538,39.867166911513195,-9.37400842014873,-3.5591359820728448
182,955.7916666666666,165945.91666666666,76.51428125,97.60568541666667,107.94900208333331,92.60820666666665,139.25777999999997,62.860200416666665,44.95004449924255,-1.940038998480919,71.94017227989347,68.328714906179,85.95606054425262,59.64960044723532,99.40710684821612,29.125374900043898,-13.23799453879291,25.443191925812357,-14.745957600612579,-1.8222389451605323
183,564.8571428571429,165562.94285714286,149.4039542857143,89.50103714285713,4.300137142857143,92.63566342857143,139.16033885714285,63.023013714285725,75.66364227186885,-0.7193875343054819,62.67875822938175,152.7375490729949,69.87296879671881,111.83374031785999,107.80364942568447,49.86800204565719,81.16094234260565,-4.464061684760168,-10.173424779881842,0.6696593079430546
184,563.4864864864865,165787.16216216216,152.50465675675673,155.10557567567565,127.05088648648648,92.64958810810812,139.05576648648648,63.05636324324326,62.24166640435077,0.26553578203206524,86.35813029528549,75.09352196579884,114.98768386915917,125.70011525775145,89.9622474985503,80.80730028530482,-6.329409261089538,-26.63638527270492,-4.94713033198466,2.793150155687052
185,1535.8181818181818,165807.63636363635,66.43279545454544,119.59403636363636,132.55485000000002,92.65318454545454,139.26306727272726,62.89367363636365,33.032346270401824,-2.4983498813553804,95.50237334210595,50.14261904611467,106.95393476744324,76.84701083822269,104.81185177999174,61.05213583720762,-34.79886901061403,19.91781974989867,-5.848065564022618,5.786487824049855
186,773.3584905660377,165815.19496855346,87.75947672955975,134.92507421383658,64.0266440251572,92.56450352201259,139.43490515723263,62.77659987421383,6.915439467307595,-2.272205232085195,45.57091410139902,61.207376939087496,35.78823320814037,37.415408242942995,45.502656005296224,-48.72731783871596,-15.581814145585081,4.762882575264779,-1.866133555659153,-3.4988233652078544
187,1524.2142857142858,165934.14285714287,114.22656428571428,205.45784642857146,7.721928571428571,92.58855714285713,139.67389928571427,62.44202642857143,69.40402880890953,1.2529086153497626,107.05639741461955,121.40249831536771,82.48031807481323,115.98825611745653,55.007258358222415,51.95413139749871,33.50264235056413,-29.104903970933606,44.49129507331126,-5.952744615964448
188,1124.8823529411766,165926.29411764705,85.60337647058823,212.1738882352941,124.94894705882352,92.9516494117647,139.37684823529412,62.70609411764705,73.42798793990362,1.669103038142952,128.54581258310048,48.66242827872261,127.30331950235878,120.17842601787589,84.25549434782486,98.44629457445316,-42.13644781500186,-16.60359398455052,25.86921397639855,9.832475964951128
189,1089.638888888889,165972.75,139.3904472222222,135.07725277777777,87.83992499999998,92.69062277777778,139.43843055555556,62.954354444444434,47.00995147311054,-0.0909684515572468,41.54138759637192,72.99381859127801,71.88933772468806,91.07491455993458,63.15459153823426,6.7755435614703545,-0.9561695288506965,-27.099205199589466,-20.295879841775328,-3.7337587302153477
190,1004.6792452830189,165691.4968553459,86.7206232704403,149.3228012578615,88.08639748427673,92.73172301886792,139.73610578616356,62.703920754717004,11.615606627345121,2.121766364684981,63.03637996547589,33.6327243702183,62.66887111558813,54.22722826893459,47.95865533466795,-17.669569714166368,-47.12781823629034,-4.858047445438266,0.7092772708402337,0.7098288774146916
191,933.9038461538462,165809.96153846153,101.19547115384611,102.25875769230768,85.96952115384617,92.90229038461537,139.50263807692312,62.59305384615386,38.37537373898287,-1.3499100671015423,39.671678549283236,73.0192014900398,61.72761411584437,56.73842752037474,80.40390566860275,-8.902922876476218,-1.2945197941229212,8.849164385895792,-26.99230310116754,-4.217609977438499
192,575.0,165774.0,131.31769411764702,69.58010588235294,24.70905882352941,92.71567529411766,139.06124117647056,63.15334352941177,79.49001627593093,-1.0636633518192256,54.1301725740539,142.1379766923242,67.05349572115533,95.68515415909098,111.57962743286528,37.900979738261526,71.13543249608836,6.862836823698469,-19.90103275081339,-0.6600276386368895
193,804.6521739130435,165795.6739130435,124.90254782608694,75.5722695652174,132.2323021739131,92.60931391304348,139.1939995652174,62.91395260869566,71.52850111551807,-1.1013978656295331,83.01950173067836,101.96511839657832,117.6584414586557,111.07082667109923,128.5518812173183,93.66662177604829,21.945994270968413,8.088395716263621,-21.29841331229841,0.4474023653152164
194,1341.6764705882354,165750.78676470587,80.57819264705881,140.88664558823533,36.712695588235306,92.54334102941176,139.50839411764701,62.60903764705884,12.20396886567003,1.6502228862931876,57.62538956924874,83.49461970200883,21.769603719052583,39.32259092883323,45.32975241543206,-50.3593218143112,7.317718008014121,8.864342448257705,14.693659673380793,1.4123932122844798
195,2031.483870967742,165659.83870967742,67.79192903225805,194.8979870967742,23.79724516129032,92.64097612903227,139.7267580645161,62.874890967741955,60.65546815780412,1.9943878077507884,108.35518153910479,98.67254259626895,72.8590924402158,83.08706727820666,52.06278298333274,27.769953029359893,8.486557234818052,-6.98262288078197,45.83604244300095,-5.527059056926759
196,1336.1666666666667,165853.38888888888,22.9486,137.9865722222222,5.891916666666666,92.72875111111111,139.56990333333334,62.59843555555555,69.8365911862,-1.7226015114192879,118.54200822855417,126.52857093822689,78.9655657221821,63.29480627571984,102.29728545770561,51.09771195962136,35.83836373430605,42.17303233070931,34.7632707312733,-4.493988282162395
197,868.1521739130435,165812.69565217392,81.28252608695652,148.392468115942,74.95089347826087,92.57342289855069,139.58557840579715,62.67681347826086,14.574710796950436,2.474803682931441,60.70014068579102,44.81899993141449,51.82930541097734,43.88616505118557,42.63471543249992,-31.85296638216438,-36.578749114975416,0.4938194845119883,5.939293364216528,-3.153037387677104
198,521.3666666666667,165967.13333333333,41.553853333333336,123.71023999999998,13.521726666666666,92.80944466666664,139.34531466666667,62.74249666666666,53.7733276676114,-2.8497328875592745,96.72845419580246,117.79061139840101,58.30058255814654,46.70046453109831,90.58421085210831,15.322043731593856,31.71956555516029,41.91844452306293,25.024237618676402,-4.365989218222682
199,1380.2923076923078,165717.78461538462,75.88662153846154,149.1005076923076,92.71400307692308,92.69632123076926,139.24252061538465,62.741975076923076,19.554042334756037,2.6103125223534294,72.16471724305156,29.312761613452665,69.01444534563274,51.795767594871876,56.22167135297627,-7.733492286806782,-53.15899370228516,3.7745023653332637,2.3902840545874344,2.7090673633889133
200,1544.923076923077,165833.2564102564,24.488358974358974,153.2070641025641,88.60411538461537,92.61964461538462,139.5480035897436,62.92471999999999,69.68247231949489,2.9442809857156544,114.21968975880394,62.74561962799326,96.8212419182955,56.83795637400676,91.76331623175645,48.01845784219731,-29.66820323373354,34.003698166349864,21.344335868987653,-1.1728514076314442
201,1718.3333333333333,165587.0,77.23579166666669,124.04738333333331,4.14005,92.51040333333333,139.38637500000002,63.054856666666666,21.714783924717505,-2.3570060570474123,72.76959094184895,119.93050719287199,33.44170541229702,57.398836269220574,76.0136320798543,-11.766445738022,43.971628478305234,19.764402070611744,16.2551429656954,4.103311423190937
202,729.5166666666667,165745.68333333332,96.47903249999997,134.65897333333334,66.16677583333335,92.80094916666664,139.49865283333338,62.71323483333336,6.371216284780016,-0.9420856967319382,39.15136610962518,61.292437046315165,36.79621416770245,45.43373952352626,43.9790014768264,-47.594907449785445,-13.542109825776901,-4.013775805826246,-6.987594668326246,-3.11519120475065
203,1632.875,165668.625,68.00775625,100.56102500000001,6.503149999999999,92.45287,139.2789375,62.934455,46.20946918076073,-2.1428171741791293,77.73481286646268,128.08430007951623,47.21310974029183,55.010476860121074,95.49123410840163,7.34726908128216,49.69248466538901,34.45609467382476,10.201323073154075,0.19003539562026994
204,1079.9285714285713,165842.64285714287,166.0259464285714,132.8990357142857,125.07124285714288,92.72773999999997,139.4383942857143,62.661689285714274,73.7412961029032,-0.0879110126890401,81.6338967743801,92.90562422253184,117.55622585381795,131.13424352740293,103.39792935998071,90.50948702491952,13.292269669611125,-22.903670083945826,-12.735935759022158,1.2143183174569177
205,1105.8,165587.0,166.95185,123.49703333333332,19.9908,92.72763599999999,139.29764466666668,62.79573133333334,76.00122211869953,-0.20958703564182532,57.293903517811856,136.67583773517097,71.32183451190376,117.92809059092248,86.48369260950578,40.75495251746104,64.20438662404,-24.366888292003754,-7.697461590482543,-2.1464999393292796
206,1473.92,165804.48,135.27081200000003,112.46591199999999,116.05745600000002,92.62807599999998,139.4585368,62.672238400000005,50.5456349747301,-0.5616499012330195,59.492278713989855,76.71090975598963,95.33490270207561,99.77241704380737,93.93854728851954,47.11865682174299,0.4015074592649509,-11.282497907796408,-24.299620301394178,-0.06824167429352465
207,988.375,165698.8625,101.06866249999997,143.86845375,78.08719625000002,92.78232150000005,139.60713699999997,62.74797550000001,9.551134469055793,0.4619996271922274,46.11605559518084,49.14733672446801,50.573552121243424,56.53337859816553,40.74272737405572,-33.130426402078044,-27.987817945305714,-13.852419503463599,-4.797370727784531,-3.0432577170262607
208,248.09677419354838,165666.25806451612,153.86754193548393,146.08342258064516,87.88816129032259,92.60148322580646,138.92770774193548,63.13228903225807,61.851141561856,0.11910786845758257,53.88168575595749,82.2977370155541,83.3955048924399,107.70822413732765,66.25970816918843,29.066285613236065,6.156722561666642,-34.149046801938916,-12.525872135430399,-3.7864361442832557
209,517.9411764705883,165730.41176470587,145.81702058823532,104.46502352941178,6.433332352941176,92.70636235294117,139.1052388235294,63.04573705882355,63.620459449293186,-0.5789286370395734,55.3561157664225,142.44362338367804,59.34448362957436,104.9033585015935,93.65045239567029,29.77535797854219,72.0002913618708,-9.940287815408034,-9.150614968055121,1.0029945718464324
210,1413.5,165711.0,62.979543750000005,200.43646875,84.37631249999998,92.53231499999998,139.22205375,62.784257499999995,68.02224230574308,2.019952669724851,112.59555369187397,52.12304736563129,96.58242937750457,87.23164114009256,58.76668776774387,45.87668507433838,-39.05174247747465,-9.576738434066895,32.778203752857216,1.1641693706731249
211,865.1517241379311,165767.43448275863,91.29643241379311,140.81882275862066,67.57703793103445,92.74401903448279,139.419636137931,62.81749834482759,3.546403942122466,0.49892186627676327,47.1146764780152,56.00546421077283,40.071995354065564,43.98702205211354,40.25475953781876,-45.01935112767144,-21.443399082922365,-3.4242972540582524,-0.029555013901751016,-3.599383874412477
212,735.0,165700.7142857143,129.27075000000002,99.62483571428571,134.74439285714286,92.74937357142856,139.09004142857142,62.815230714285704,54.13471898492986,-0.827299614778623,78.47557784400303,84.49081457303582,112.79505933179223,109.10253097161265,113.67583215734452,79.75379284837025,5.086012887977205,-1.573106968714287,-20.20727094605392,2.0161728748982064
213,1360.103448275862,166026.3103448276,112.96941379310344,115.14181034482758,115.84698620689652,92.60483655172412,139.36953379310344,62.72554275862068,31.765691433388184,-0.8683612602332181,59.63485862244733,60.40106232064721,88.11250765616806,82.74921759234776,87.4454657164708,30.362235414402804,-16.836811501129674,-3.1611877008035836,-22.106248557478118,1.1317634978447573
214,743.736,165576.94,105.50118960000002,147.80768679999994,72.24400160000005,92.85102871999993,139.48435104,62.72220032,15.292390009465452,0.5779183487382457,44.37461921132759,54.10607121863063,47.28932862418532,60.34305382035462,33.64154095260987,-36.90915284348996,-22.865954752427616,-20.860448366676053,-1.3878454001003886,-4.491932538578918
215,585.7553191489362,165679.4255319149,104.64186489361701,140.85670851063827,69.28317872340426,93.1219380851064,139.44360276595748,62.58136723404258,11.784947269665473,0.12265677007525293,38.5014851254015,58.27864116680059,41.84394942754261,55.412526355228884,37.93478218619203,-42.856353720067474,-16.80569793931153,-15.71375103732813,-6.435440923563285,-4.006551186164055
216,75.95652173913044,165554.0,169.80014347826082,142.45485217391305,82.56041304347826,92.35986608695652,138.60299565217392,63.49853304347827,77.54346046410053,0.04958233600482344,58.650500882282614,99.73765316980867,91.24073748791307,120.4472914713756,78.1222979344795,48.66871462683493,23.67127393277335,-34.45503323189815,-12.989581357034519,-4.1349088587506655
217,921.3181818181819,165898.54545454544,115.48911363636361,85.2721090909091,123.45715909090909,92.82286181818182,139.21070454545458,62.75228545454548,58.70037043717084,-1.1738890627833916,71.98320566119395,88.03195380489875,103.8583908170075,95.62801630776829,114.52979230197684,65.76616853325692,9.321948481253564,7.936975005727694,-23.150660982623886,-0.019610197619832424
218,1026.8636363636363,165707.18181818182,36.81807272727272,91.06560909090909,103.10325909090908,92.77728272727273,139.55949363636364,62.78059727272727,74.22971304512114,-2.4288961963154763,102.4515418118864,85.7964673267834,101.65388654296304,57.77912167777011,120.0930091896459,61.28345289109305,-3.060673508444929,48.21490528787142,1.2140373006101424,-3.5254191509343253
219,963.7272727272727,165740.27272727274,19.647145454545456,141.15987272727273,133.6769909090909,92.83936909090909,139.6034436363636,62.64228909090909,73.58171110033173,0.26234618916841324,134.59749807361322,66.8023646828971,130.04056633853372,88.58956545240852,123.66158545764738,106.88887551103484,-26.39232796773968,33.35589614666604,16.05248409207927,6.311749304530142
220,1016.410071942446,165665.04316546762,94.1492115107914,115.80207266187053,37.787479136690656,92.5532115107914,139.68922489208626,62.75326877697843,24.081179283665133,-1.505616206912805,37.6405008296333,94.09857904030703,15.263091490923971,43.203510514060206,63.04319636130287,-52.139176274993204,25.88219515046414,11.819216584866995,-7.773154155471916,6.071295223605962
221,1312.842105263158,165891.0,103.19817894736843,191.2636842105263,9.994215789473685,92.86574526315789,139.80581263157896,61.965646315789485,52.640943312039575,1.3744938580745378,94.942026068169,111.88032491995027,66.86117636055911,98.97659076451379,44.840907452924775,23.775449310664207,25.9710098221062,-25.696576369532107,41.06563622641517,-6.105609666912162
222,1927.5882352941176,165683.70588235295,77.59878235294117,155.60731764705884,3.016705882352941,92.73701058823531,139.49517529411764,62.79107647058822,23.13039025893519,2.3220506529272815,85.89525418082022,114.16918344001135,43.60302287140115,68.69935907398653,61.150054943357254,-1.6684392090583247,33.29112280737567,5.321583731569342,31.18353303119509,0.9630516348225315
223,1210.804347826087,165907.13043478262,98.81459782608695,140.79981521739134,42.730893478260874,92.67525652173914,139.9737430434783,62.34212652173915,6.671242817319435,0.19720737879022837,41.87607601429194,79.98563054136277,18.128381689568545,50.7651118126701,37.05768795679739,-57.681167972215384,8.272608481930211,-9.149815931957576,5.070424548788687,2.5669110540134437
224,1528.7692307692307,166029.23076923078,119.30840769230768,181.3566230769231,95.47002307692308,92.90256153846154,139.39050923076923,62.61690615384615,49.72969276230241,1.0102560286526518,81.3810685474767,46.799175339962126,87.27709918477419,97.75592481482614,46.06253436613448,26.141107813569217,-36.829291483728845,-33.717091698882754,13.179298765143356,0.807944741828176
225,860.3958333333334,165722.5625,53.85961041666666,101.39818749999993,89.81987291666667,92.78880041666666,139.33474583333336,62.639982916666646,54.4708796407481,-2.367426532034599,80.08310483915011,73.5893566012375,78.22949881313339,37.50967450547135,97.46515500001125,16.69922084347358,-12.226871968286469,44.03187269761374,-3.5702723732052974,-6.487245799656264
226,606.4594594594595,165903.4054054054,88.5447162162162,92.87342162162163,24.857100000000003,92.72663351351352,139.2940708108108,62.81291135135137,46.86213846721839,-1.6611228150377033,53.70281767346381,117.3083044036604,36.35786433297961,52.866345360600775,88.46294623648608,-14.348849431459813,44.943012316411284,24.85467724806316,-6.453584139563981,1.8139694929563273
227,872.8333333333334,165883.80555555556,75.38528055555554,85.2459361111111,103.45568055555556,92.59520388888888,139.2611638888889,63.00655277777777,56.88968239243827,-1.880274967930489,73.08839273719187,81.14734456168357,87.00446051945295,60.68133040608863,107.27850976383557,35.28624405618158,-0.4620773202393999,30.551876209833477,-15.410718754288926,-3.249592265097709
228,679.4666666666667,165822.86666666667,165.74449333333334,156.26205,121.47190666666668,92.75049666666665,139.10546333333335,62.870705333333326,75.13542848139173,0.23173544369312207,87.61145169617302,87.08052728552174,117.8450331229502,133.92553840849462,93.22360710035689,89.42199196529668,5.7205404332323395,-29.77422017037444,-4.060990919385599,1.5000310553709815
229,638.9111111111112,165823.3111111111,86.74643999999998,79.05300444444444,12.61531111111111,92.85480888888891,139.23712355555554,62.77083288888888,60.62994392972429,-1.673966363618674,68.61180777782877,134.9196971079822,52.566512813367545,66.93047311413217,105.95941811526208,17.87340517400447,59.97946788587156,29.354529963515066,-2.711768673574848,1.1305247204023523
230,643.725,165658.14166666666,93.12155249999996,135.00238333333328,89.76997166666663,92.66249633333331,139.182892,62.903001166666655,4.403623269310399,-1.422818923195512,52.114820981227325,42.83573697343856,60.09396789061522,52.86666732378256,55.48982803760037,-20.267646012082583,-35.32743798093808,-1.640183330683964,-9.77340821524115,-1.0034683893984235
231,377.6190476190476,165824.7142857143,121.03900952380953,142.0129666666667,116.65039999999999,92.65121619047619,139.37595904761903,63.03190952380952,28.666133343419823,0.08598888799485722,66.77463527215659,48.53390399162313,90.67393201246415,92.33375722407442,73.21773907958192,32.07353344363743,-30.093414763271436,-17.7805185892391,-12.374109989750531,3.48822899331821
232,1587.6666666666667,166062.125,124.43775416666666,210.14281666666668,23.620254166666665,92.81452333333334,139.65081500000005,62.504765833333344,77.3319955059362,1.1491397736039763,105.12813873505364,112.18683088582695,86.49346994695402,118.98536536495668,49.03941998808196,51.787109398898075,23.744744944896993,-36.279642610706425,43.26263811135141,-7.0105365155805055
233,319.70588235294116,166008.23529411765,44.21320588235295,154.10702352941175,80.81024705882352,92.78104941176471,138.6838705882353,63.19945647058824,51.04565603302563,2.83474648379055,96.08875715475706,52.38867262384787,77.6983608570039,44.9894653545187,70.49350339090465,12.584448700486275,-37.101353248942075,25.402684137322602,18.609520639101817,-2.6547240319246184
234,448.04545454545456,165768.18181818182,155.29957272727273,135.67944090909089,15.498000000000001,92.58056818181815,139.11862272727274,62.94113363636364,62.9118399707821,-0.056098708199383236,56.375248021154626,130.51371097777508,61.043138613513364,109.82807392171209,73.88525947082563,23.88095339592368,57.82405264727865,-25.95224391048914,-1.3173873710517112,-1.773802250238785
235,1416.53125,165657.84375,67.636634375,122.38226250000002,111.70642187499999,92.79038437500002,139.620209375,62.507323750000005,30.576201967010867,-2.542013801327793,80.45859354198286,45.0996198156094,86.81366047759478,56.92359781016499,88.09759324553431,24.906579620007587,-38.35833141229432,21.406014589456827,-6.652789106285565,2.372792652046696
236,59.86206896551724,165584.3448275862,97.75753908045976,147.73140804597702,96.9293252873563,92.2788749425287,138.46427172413794,63.67496367816092,10.87929989705176,1.0367554077096859,61.14920482229715,32.577690989649035,69.19696452019069,65.86778093125712,50.82843738059164,-7.611977517342153,-46.85260154745365,-12.845163261134891,-4.160206200941926,2.2237148939388582
237,1851.2,165695.6,72.19210666666667,151.40002666666666,137.76152,92.65983733333333,139.3691253333333,62.85291466666667,24.724954009020568,2.2236480471990285,104.43395473505744,26.8810714167267,112.84340794095745,89.5326989047128,94.44102073683113,67.81766787740035,-58.20733960710998,4.689302123177071,0.47107872887361424,13.433134386113302
238,858.6666666666666,165729.33333333334,33.88509259259259,112.55208518518522,113.20341851851853,92.80406814814816,139.1191785185185,62.99423037037035,64.75325696759775,-2.716537175459244,107.41225611218871,69.23909969751936,105.18760340051614,61.21709479532579,112.95829490785762,62.63338051438376,-20.413052251339927,41.38625208895928,4.847075483293609,-0.17739772386416128
239,2026.5,166136.0,77.96562142857144,185.13664999999997,129.5413785714286,92.89351142857143,139.86877285714286,62.61944428571429,47.99304227555939,1.892126164294943,114.88077705332385,24.83782713745964,115.87422587814581,100.72942509336282,83.13098817851902,74.01639780930181,-62.350829473298695,-7.7711139277428956,13.2653857792764,14.542770729416793
240,485.7894736842105,165994.2105263158,97.05796842105262,83.1427052631579,136.2729736842105,92.81556105263157,139.00492736842105,62.84083263157893,56.33107178314379,-1.4932661449964317,89.00964305547059,86.08640458791746,114.92836297056955,96.57372091793549,124.23122805732076,84.3419270803459,3.8298619615429526,17.057043661845746,-16.120179173444697,1.828654340013405
241,1612.7692307692307,165872.0,60.27331346153847,138.27651153846156,25.94709423076923,92.63961076923079,139.64817807692305,62.631773461538465,32.468449830558846,-1.287009879436931,77.24255684697754,96.97504015722917,38.31800089912203,36.537970539793605,64.17494816460484,-23.576770940980403,14.683568552798626,27.87217151218691,21.704439857129255,-3.2017763097313514
242,1722.923076923077,165849.61538461538,66.90952307692308,170.78734615384616,11.587915384615384,92.7788246153846,139.81800923076923,62.628607692307696,40.65757737234882,2.26503482137684,95.25690131812347,106.03900045240621,55.53354968035343,69.86777198866493,57.27294976508031,8.016780163507585,20.527757787228673,3.672561833336268,37.31149374869279,-2.973543222255829
243,1876.0,165713.4705882353,59.32991764705883,207.81620588235296,29.51070588235294,92.89749764705883,139.87872117647055,62.56376352941176,75.92901736248689,2.030203244974105,121.70357917340195,99.21062062728826,87.88105276050032,92.54683777891854,61.381835273405144,51.430252263912166,6.231896153894276,-5.510332986271397,49.42765464893922,-4.819980195334975
244,807.6527777777778,165742.90277777778,98.71427777777781,109.34854722222221,36.58585277777778,92.86546444444444,139.67070138888892,62.73134777777776,31.02301438761664,-1.3792350027699756,34.79961561495264,99.35711220705338,20.121302301321546,48.46109154659973,68.80351515863066,-44.7015917376395,31.736614280210176,10.645454899758342,-13.007616907088995,4.7374139623689935
245,1523.1509433962265,165828.6603773585,76.74339056603773,146.2665547169811,17.055688679245282,92.7296120754717,139.470080754717,62.8358475471698,17.7003339897649,2.2848651729634413,72.30104590262762,101.80090649779729,30.394971994322983,52.86179757587693,54.94726119980207,-26.823301878447992,23.681497464400305,9.433852234105865,23.54180147259568,2.0183037536565047
246,867.3571428571429,165798.2142857143,38.86506071428572,88.08292142857144,132.47909285714283,92.68662499999996,139.6248764285714,62.710647142857134,74.61021543403582,-2.378431753520539,118.00981977800734,87.80911189349116,124.38685003584328,83.66031869039956,136.07001428177446,101.50178629964095,-2.0130569776024365,41.593930709877704,1.4752966775948837,1.522553484761288
247,1684.4583333333333,165883.875,54.936516666666655,137.7604875,120.59692083333329,92.83783749999999,139.3759266666667,62.817476666666664,38.293752087332315,0.04793947349302589,98.29845195457507,37.76371343832949,100.27099875045131,67.07617972814411,93.01352449678181,47.06584824159697,-48.581631329415075,20.472442187676325,1.4919873962207857,6.575093792089845
248,164.64705882352942,165891.0,166.19051764705884,123.20676470588238,35.851229411764706,92.80568705882354,138.89261764705884,62.85405764705882,75.1758408795467,-0.21117883824363565,46.47656465042884,125.5566281397903,69.66048363062026,113.29824381760025,81.3984676207454,30.025549972066493,54.339399378652075,-27.657806341727177,-15.77972064512201,-3.6010163229477268
249,1214.375,165643.75,54.25546666666668,79.99632500000003,119.36232083333333,92.40557,139.25702,62.910313333333335,70.57262467776629,-2.1413741775245607,99.76685350241301,88.59930774976374,109.58435883571825,73.91214140560807,126.53441111315453,75.9084206202042,1.9781150887258165,38.945666797969466,-5.803153631350555,-1.2269373785305937
250,1058.7619047619048,165696.09523809524,74.34879999999998,69.1920380952381,18.265733333333333,92.77099142857143,139.40372952380955,62.70224285714285,72.66346089005926,-1.8282621963446446,77.76063805160294,137.19055913975558,64.17685716707916,65.0095854265545,115.75536840497779,32.71952549231325,58.693715603749105,38.813548328701536,-1.3194447605303716,-2.0057813226764325
251,706.1612903225806,165756.1935483871,51.90138387096774,137.11237419354842,106.83788064516128,92.45630129032256,138.83294580645165,63.32407419354839,40.75340767530468,-0.6698742527375807,92.81578404962184,40.099889839376225,88.90297369759153,53.7445652438154,84.49461931959395,27.74401571222007,-46.607541930852165,24.66873122756032,4.210829494659054,2.994330465277563
252,635.4347826086956,165692.60869565216,19.89898260869565,118.40876956521743,99.81874782608693,92.73758695652177,139.1599243478261,62.80938260869566,75.79666508565126,-2.864104062716545,115.02490521544851,77.71345902684524,104.28974293852774,56.17690759412238,112.43029359577956,63.24979497215627,-14.737011512954043,47.70594735744858,13.504090574449851,-3.1397877061567163
253,1792.9259259259259,166071.40740740742,108.69059629629628,100.96880740740743,115.24211111111114,92.7915074074074,139.77750888888886,62.660913333333326,42.02083744288983,-1.1839697880828735,60.883845070041765,70.70939685649505,90.19307987685849,81.17025745275913,97.813726012346,36.9143757238094,-6.700062817690247,5.175521020187853,-24.455399745663158,-0.06865534206117342
254,1380.7692307692307,165932.03846153847,56.438638461538474,126.41291153846153,10.929746153846152,92.56127692307693,139.21629000000001,62.82322307692307,38.75814462777385,-2.7913950311932414,85.14971129073015,115.21426612619415,45.38493842860474,46.942316527453,80.85886548196511,-2.1200865919746006,33.145513573712996,33.12139159514529,21.82589212563972,-1.4883602679085257
255,1727.6666666666667,165992.5185185185,116.88882222222222,213.5858333333333,36.81143703703704,92.58843333333334,139.40760074074075,62.73771629629629,78.12968120923239,1.2546223580943565,105.63492206240682,100.36830429478832,87.79764408235066,114.85195310659167,43.4973430329072,47.49760833471951,10.737355552831605,-37.23157173098957,44.130457841497545,-7.439145735747151
